timestamp,eda_raw
0.0,3.1729666522626596
0.25,3.0900431161478665
0.5,3.179764244579571
0.75,3.165982088545669
1.0,3.2038650420382586
1.25,3.305804030844445
1.5,3.19290853965415
1.75,3.1949674807934496
2.0,3.1176400242016884
2.25,3.1981586272625266
2.5,3.219806543402112
2.75,3.1995174479548063
3.0,3.2699842241309347
3.25,3.1097999820721447
3.5,3.129221140739151
3.75,3.1990711759834145
4.0,3.1963732914955076
4.25,3.1736798617572055
4.5,3.1340507793409436
4.75,3.164403480855008
5.0,3.2078229855163314
5.25,3.131353253268922
5.5,3.2397306743076992
5.75,3.1801215080605667
6.0,3.201876510390454
6.25,3.0938595629428085
6.5,3.206167717818941
6.75,3.053289372971398
7.0,3.312426669632786
7.25,3.270659536684298
7.5,3.2586833116409677
7.75,3.157018285214903
8.0,3.1731886068035187
8.25,3.265408037788901
8.5,3.2450675868277674
8.75,3.172154021960112
9.0,3.249859832987656
9.25,3.0498326576414474
9.5,3.254838786045229
9.75,3.2545031177862827
10.0,3.27347805622481
10.25,3.169541732134813
10.5,3.1505784368614753
10.75,3.2005009462580563
11.0,3.242018488833409
11.25,3.2418367683417078
11.5,3.207104300894738
11.75,3.1488470268051154
12.0,3.1272703747213457
12.25,3.1119236861199
12.5,3.2156501840008835
12.75,3.254596699860514
13.0,3.19903798431769
13.25,3.1802778839490977
13.5,3.2290536144063613
13.75,3.214214235433369
14.0,3.178733405390757
14.25,3.269512950882464
14.5,3.227710287096694
14.75,3.3324257334852407
15.0,3.123235428197893
15.25,3.2032748289363373
15.5,3.334487999712002
15.75,3.2323850957705917
16.0,3.2525764167833953
16.25,3.321357597029659
16.5,3.2042056734978597
16.75,3.2789787915420288
17.0,3.335997063908178
17.25,3.2480397296272043
17.5,3.3596952514895393
17.75,3.2610297655212785
18.0,3.219573562379887
18.25,3.2544880495643906
18.5,3.3178580176042933
18.75,3.205213248470493
19.0,3.3026095462056806
19.25,3.2261484047734905
19.5,3.209034051886254
19.75,3.1925279505257333
20.0,3.308393146367564
20.25,3.3067705344788156
20.5,3.3351845211384155
20.75,3.2953967674397333
21.0,3.2063780287416965
21.25,3.261467238066341
21.5,3.305575422483285
21.75,3.291189823039801
22.0,3.219181369156905
22.25,3.25612717987595
22.5,3.192801433461196
22.75,3.2391981545179114
23.0,3.23595567426628
23.25,3.2562590808484257
23.5,3.2469772754429793
23.75,3.2824969456331
24.0,3.359997116342006
24.25,3.230933408706767
24.5,3.236747925032578
24.75,3.2652481241488958
25.0,3.312131959776866
25.25,3.2540311681095164
25.5,3.2853659050466155
25.75,3.2963985883793363
26.0,3.226656770459166
26.25,3.22141875845943
26.5,3.3493475350647066
26.75,3.3143751929548637
27.0,3.3513183239449096
27.25,3.155203860077483
27.5,3.360478397635183
27.75,3.31074308356618
28.0,3.184093085758298
28.25,3.419223086681577
28.5,3.290233995528359
28.75,3.2901601851185895
29.0,3.2747858037862825
29.25,3.315262059264087
29.5,3.36888553008747
29.75,3.282192895644717
30.0,3.3115211271920995
30.25,3.36343809876391
30.5,3.421627716600068
30.75,3.31071285182713
31.0,3.286482751333702
31.25,3.37287478276014
31.5,3.4262508348394287
31.75,3.1648998088645994
32.0,3.2501319030261455
32.25,3.3470481370793017
32.5,3.4091644739064098
32.75,3.3153231042844795
33.0,3.3277182481579537
33.25,3.147115231655334
33.5,3.2326334422469096
33.75,3.3186474669546993
34.0,3.4622052531109757
34.25,3.323320359259004
34.5,3.287710316467614
34.75,3.261806288714675
35.0,3.238525635499673
35.25,3.3537856064912197
35.5,3.38156540141774
35.75,3.2638699616422064
36.0,3.36985216882072
36.25,3.4523917916688305
36.5,3.297711004463428
36.75,3.42260523781595
37.0,3.3260557292053616
37.25,3.4303811462140086
37.5,3.323485176115809
37.75,3.227401792220694
38.0,3.266505883873201
38.25,3.3814992179028853
38.5,3.27829203107784
38.75,3.329911633735195
39.0,3.34406601286717
39.25,3.322430857045743
39.5,3.3405176614296246
39.75,3.4358334342175776
40.0,3.2947766619192143
40.25,3.255433551099143
40.5,3.3431639224475584
40.75,3.3839126409968996
41.0,3.3122999948645164
41.25,3.4264002160556966
41.5,3.3335045602735836
41.75,3.281115015985202
42.0,3.2795239606134965
42.25,3.380822958833065
42.5,3.206832629631592
42.75,3.39241691866226
43.0,3.3847656087601625
43.25,3.3344267991912053
43.5,3.3743869745441666
43.75,3.41072778331477
44.0,3.3691099603688244
44.25,3.28908911213862
44.5,3.371685859614933
44.75,3.448715767971809
45.0,3.4208548530330156
45.25,3.3476671485836507
45.5,3.373470005867234
45.75,3.238991821188684
46.0,3.3039814458014476
46.25,3.2922634412061296
46.5,3.3387707312182
46.75,3.395708812652505
47.0,3.3917616451237333
47.25,3.415966092190635
47.5,3.3865860941797123
47.75,3.383155429621284
48.0,3.4061888629355637
48.25,3.415706963289742
48.5,3.4132013985670566
48.75,3.4545829538106596
49.0,3.389093956115533
49.25,3.3141250384993968
49.5,3.326334536849867
49.75,3.354618046459649
50.0,3.3821494946620043
50.25,3.300736977711378
50.5,3.270703821098063
50.75,3.372986050946951
51.0,3.4010713456804123
51.25,3.3802383608715543
51.5,3.346637254706148
51.75,3.3978991732478008
52.0,3.317550425211845
52.25,3.4050331766499435
52.5,3.433459420850603
52.75,3.317975058419629
53.0,3.427540319890036
53.25,3.3158537212302694
53.5,3.336252366831425
53.75,3.389885370321267
54.0,3.496127483870644
54.25,3.417121025216949
54.5,3.2931004872890846
54.75,3.335522464189455
55.0,3.44970458882351
55.25,3.481887365993802
55.5,3.3316275402552504
55.75,3.360433267457352
56.0,3.3862485480126736
56.25,3.398246391725981
56.5,3.330887391502021
56.75,3.3632639170205985
57.0,3.4389549918651396
57.25,3.3791890913949234
57.5,3.341426813110936
57.75,3.4020501940130217
58.0,3.418294185275504
58.25,3.411423656096151
58.5,3.361044854574609
58.75,3.371381179741574
59.0,3.428432756089152
59.25,3.409272025624677
59.5,3.342214010681133
59.75,3.448895098055767
60.0,3.288420403717825
60.25,3.4491036873101635
60.5,3.265091154702093
60.75,3.3037014534074474
61.0,3.430219745752223
61.25,3.5944521403599956
61.5,3.367885177334442
61.75,3.399075790304203
62.0,3.3859706891244135
62.25,3.3088896694263754
62.5,3.4931747828223827
62.75,3.3967222681812475
63.0,3.406122710961244
63.25,3.4189371551486647
63.5,3.334283647442585
63.75,3.4075609727610963
64.0,3.4697227307141163
64.25,3.3320101472200023
64.5,3.446799062793605
64.75,3.4575198902412403
65.0,3.434437246072542
65.25,3.4944251553223395
65.5,3.3668885775984627
65.75,3.3720179506550565
66.0,3.374545093820839
66.25,3.454601525824307
66.5,3.4031551261690773
66.75,3.3911189340489676
67.0,3.4292302204937264
67.25,3.320814535694328
67.5,3.343682593842505
67.75,3.337546576503861
68.0,3.464613586017141
68.25,3.442986330349271
68.5,3.434681811037787
68.75,3.453760044030221
69.0,3.4069875876494016
69.25,3.310370316294415
69.5,3.4940156510034592
69.75,3.4260616287289816
70.0,3.45873960415243
70.25,3.508826594623745
70.5,3.47101229562155
70.75,3.3613363539174523
71.0,3.4005707382921204
71.25,3.444343345459256
71.5,3.3755625827638625
71.75,3.373916085536534
72.0,3.4090513173833337
72.25,3.451501787394497
72.5,3.5186189603539995
72.75,3.4162216367611067
73.0,3.2894616135862984
73.25,3.4018443279195973
73.5,3.4940870461881497
73.75,3.4703654193532083
74.0,3.421842481032809
74.25,3.4079857489368375
74.5,3.4064840137426677
74.75,3.4145016230343757
75.0,3.415812540097935
75.25,3.504104472399682
75.5,3.3609093660245235
75.75,3.422641918057667
76.0,3.500619418957759
76.25,3.3749088744982783
76.5,3.4323660870123143
76.75,3.320543626150583
77.0,3.3552628133578337
77.25,3.425203487131806
77.5,3.3594490269635866
77.75,3.4374041932808974
78.0,3.420952546222369
78.25,3.230811621625247
78.5,3.262051220835307
78.75,3.5040920683146237
79.0,3.5450560005915372
79.25,3.5003963198369767
79.5,3.4325837978251355
79.75,3.488478138083635
80.0,3.3916145511430513
80.25,3.3998095950935867
80.5,3.4868638858485013
80.75,3.43519770663761
81.0,3.41869290370973
81.25,3.323919644377716
81.5,3.4733925022874588
81.75,3.4497523574241975
82.0,3.3501691973992087
82.25,3.4267886439438993
82.5,3.3562433858181557
82.75,3.368914004065516
83.0,3.389516483762266
83.25,3.481838423478256
83.5,3.526647584890573
83.75,3.398335787751435
84.0,3.5070982095106276
84.25,3.4129948742011096
84.5,3.532352078171314
84.75,3.487038949491683
85.0,3.400532899974597
85.25,3.4047351250306725
85.5,3.404975333202718
85.75,3.426401066061167
86.0,3.399139048440253
86.25,3.4017422031291633
86.5,3.4674075124729136
86.75,3.3914258521310883
87.0,3.4153289386501875
87.25,3.416122444419083
87.5,3.4315406387580856
87.75,3.3884862111782477
88.0,3.3565009177725913
88.25,3.4182463543169153
88.5,3.498218200565063
88.75,3.487973032287525
89.0,3.3148531996388533
89.25,3.361353194780503
89.5,3.29477325287837
89.75,3.331308268347414
90.0,3.449223825659461
90.25,3.4815864071940505
90.5,3.4965589167878828
90.75,3.3831342971388034
91.0,3.448388993875063
91.25,3.3961341177730304
91.5,3.359521656790566
91.75,3.326193083279444
92.0,3.43111121923703
92.25,3.307627724638529
92.5,3.375599704861919
92.75,3.376992961460695
93.0,3.459789363755347
93.25,3.3948415980755233
93.5,3.394910657858393
93.75,3.4887104621737652
94.0,3.321597639767691
94.25,3.3787883615985517
94.5,3.485698160033128
94.75,3.4175605846839012
95.0,3.3119436607049613
95.25,3.5441282912075223
95.5,3.4446042937341397
95.75,3.3882575482254276
96.0,3.368359948227212
96.25,3.436628100921668
96.5,3.404477280848681
96.75,3.4334323093462227
97.0,3.3645703970200818
97.25,3.5120680158502187
97.5,3.3990583097383484
97.75,3.4036220495520815
98.0,3.3601178201661015
98.25,3.317044024601675
98.5,3.3221863511675847
98.75,3.388389798125027
99.0,3.3223577740195718
99.25,3.2598181676919937
99.5,3.533017245743699
99.75,3.532917883028809
100.0,3.444717335831861
100.25,3.3586881268534774
100.5,3.3436532904627425
100.75,3.4089935142713808
101.0,3.434961136255476
101.25,3.3332303840852875
101.5,3.471391234418771
101.75,3.422034356656057
102.0,3.369644279237789
102.25,3.3718062849912513
102.5,3.318283871763579
102.75,3.4539403776620277
103.0,3.346995859186751
103.25,3.4204352062416654
103.5,3.3482947083955144
103.75,3.427306577956972
104.0,3.3900623125815477
104.25,3.39631781780428
104.5,3.4453690019670797
104.75,3.3616274672843174
105.0,3.4138163781746362
105.25,3.4575812786004025
105.5,3.4042472630716856
105.75,3.3502691886253912
106.0,3.2946345131648394
106.25,3.4162644790216494
106.5,3.371006428932527
106.75,3.387813019235282
107.0,3.3832847159899715
107.25,3.351218585746211
107.5,3.370278537723124
107.75,3.4645877985439526
108.0,3.368323381353938
108.25,3.4239313698011653
108.5,3.3539688465243502
108.75,3.426210998524407
109.0,3.5012075373285363
109.25,3.4344403826303753
109.5,3.39959779022571
109.75,3.3529951271339193
110.0,3.372324838017725
110.25,3.250242433545552
110.5,3.4104523270913774
110.75,3.4226524278965638
111.0,3.440680139348866
111.25,3.3225120133293915
111.5,3.4162931134323498
111.75,3.344510213263192
112.0,3.393704115104044
112.25,3.5047301598865563
112.5,3.3152271675462535
112.75,3.3851309731843386
113.0,3.328238372814279
113.25,3.3832204005602984
113.5,3.4192861250119515
113.75,3.4521380429873276
114.0,3.4019112490455217
114.25,3.3889439345274344
114.5,3.4498938844423237
114.75,3.4262908328242063
115.0,3.5543320364967323
115.25,3.5568993180576336
115.5,3.576148499536563
115.75,3.5908065255268373
116.0,3.530324270156161
116.25,3.633936041229069
116.5,3.5667600985525425
116.75,3.5775059228033688
117.0,3.6862009453285087
117.25,3.6558112026207374
117.5,3.7127095274009934
117.75,3.598407221900517
118.0,3.6549526601953417
118.25,3.6702197223116384
118.5,3.582486452296532
118.75,3.611573116824465
119.0,3.6123127214465156
119.25,3.529462880487236
119.5,3.5323397164828627
119.75,3.5506612970147686
120.0,3.531277187334535
120.25,3.5055362583134113
120.5,3.606695644128013
120.75,3.6017872954518233
121.0,3.6103321150506567
121.25,3.4935378574627602
121.5,3.511059593237751
121.75,3.503586070156957
122.0,3.522485600779672
122.25,3.424331621246825
122.5,3.4613688287224877
122.75,3.429065924961143
123.0,3.473071766657698
123.25,3.4734179264133935
123.5,3.5932568583634756
123.75,3.4204476529848686
124.0,3.4724424797608386
124.25,3.452598503462594
124.5,3.5721486501816297
124.75,3.408406523269632
125.0,3.4460626572085027
125.25,3.403330619953283
125.5,3.4067743963654817
125.75,3.467540486651828
126.0,3.409119488277527
126.25,3.414728991073239
126.5,3.4285825481741767
126.75,3.4919945071928393
127.0,3.394584408988541
127.25,3.3394826343447885
127.5,3.4813223928114394
127.75,3.508313601441033
128.0,3.3903701517706124
128.25,3.420550940815635
128.5,3.3619714551886
128.75,3.39430765652034
129.0,3.4632491222494943
129.25,3.3787937428150943
129.5,3.412112357159868
129.75,3.336310192633464
130.0,3.4164649333426342
130.25,3.463734244958238
130.5,3.389379954384977
130.75,3.3843431812658804
131.0,3.4170834165604624
131.25,3.4237515244974945
131.5,3.3498924264294474
131.75,3.4305356812827976
132.0,3.3458907456472455
132.25,3.3700741773330565
132.5,3.244649887672217
132.75,3.2605165816329884
133.0,3.2459754085845627
133.25,3.345383155661007
133.5,3.316186138837453
133.75,3.3278189985172086
134.0,3.4484560334409586
134.25,3.3235551002331785
134.5,3.324165388864306
134.75,3.349790878153573
135.0,3.2800596991868423
135.25,3.369801612978414
135.5,3.3574721084389734
135.75,3.3148492233834195
136.0,3.3942308557702843
136.25,3.2697516946831806
136.5,3.314323944886018
136.75,3.3309379837049318
137.0,3.289720440573845
137.25,3.393278669669004
137.5,3.267003777225287
137.75,3.3017732672158044
138.0,3.35990922449769
138.25,3.2371947924557567
138.5,3.3419653853778515
138.75,3.1752100723041083
139.0,3.3144058668354646
139.25,3.3410365417651287
139.5,3.3671921613046027
139.75,3.338589812430478
140.0,3.2436655992912558
140.25,3.2251629039018876
140.5,3.2938600819700037
140.75,3.1880337085281307
141.0,3.3383984272243414
141.25,3.3781398160222076
141.5,3.2635059025482747
141.75,3.3277822148826104
142.0,3.405619453092393
142.25,3.2104179748229296
142.5,3.174118277023064
142.75,3.3052998230428874
143.0,3.4030710120066145
143.25,3.3410360814743214
143.5,3.2646754962311784
143.75,3.2478992071171
144.0,3.278074571570475
144.25,3.318374656457234
144.5,3.239706364838335
144.75,3.193627985936214
145.0,3.291318123380326
145.25,3.1927686946859044
145.5,3.224409925002342
145.75,3.12778506777737
146.0,3.3819298728174267
146.25,3.3672416895768476
146.5,3.289920148489385
146.75,3.3144831409156037
147.0,3.2182408965158054
147.25,3.2486800696016296
147.5,3.241942797848836
147.75,3.2570621679568195
148.0,3.2333470567905285
148.25,3.2738139283409966
148.5,3.2048275737402863
148.75,3.212740491730157
149.0,3.2530863625638964
149.25,3.345022523499171
149.5,3.182326352837649
149.75,3.2519227621311324
150.0,3.1460198420294776
150.25,3.1953557053873816
150.5,3.1702070245939735
150.75,3.2376517205222486
151.0,3.170401364169521
151.25,3.3130774657179485
151.5,3.171118860900538
151.75,3.1692535057892823
152.0,3.2156465170756405
152.25,3.3551119735717183
152.5,3.2502080067999426
152.75,3.3435414906500602
153.0,3.2212868930744545
153.25,3.2440102562433597
153.5,3.187201102206314
153.75,3.202963097545488
154.0,3.3027236756036245
154.25,3.3124646873799595
154.5,3.16812943802984
154.75,3.230230080896994
155.0,3.2310936344569154
155.25,3.182856105678102
155.5,3.260467512541031
155.75,3.26518714335265
156.0,3.191586472596646
156.25,3.2969055672194254
156.5,3.199582864717409
156.75,3.258709517931577
157.0,3.2464846568805563
157.25,3.125931200846234
157.5,3.3419857381362434
157.75,3.234405869798856
158.0,3.2038744756943207
158.25,6.146196280038268
158.5,3.2854126818000027
158.75,3.173450537575244
159.0,3.1126792928446445
159.25,3.316161133385614
159.5,3.257009265647921
159.75,3.0101053092671206
160.0,3.2472490143931956
160.25,3.327726091787162
160.5,3.103145588197413
160.75,3.138123244052625
161.0,3.190092952616867
161.25,3.2178688162908253
161.5,3.1186030833828746
161.75,3.1967880058077
162.0,3.2075926254190286
162.25,3.1719167148407887
162.5,3.1259169550205
162.75,3.1110780603676402
163.0,3.1097845810755786
163.25,3.0345811060710695
163.5,3.2483009037384782
163.75,3.037303119991261
164.0,3.144697499862149
164.25,3.155320018514997
164.5,3.1981690240529623
164.75,3.192334801281313
165.0,3.139158203526744
165.25,3.1445513645301464
165.5,3.0870826577308716
165.75,3.1927717719223594
166.0,3.069527215633933
166.25,3.1159048699648917
166.5,3.1472107419615196
166.75,3.1852920902826365
167.0,3.0835481806482212
167.25,3.2518396255941053
167.5,3.1128289310581745
167.75,3.1136399649598583
168.0,3.0970657299350743
168.25,3.0758982453726116
168.5,3.142043258220001
168.75,3.1100588927543025
169.0,3.1370137065321773
169.25,3.133689796658079
169.5,3.0842465014050435
169.75,3.184394247083135
170.0,3.097264984974531
170.25,3.1992455170695138
170.5,3.2003989282318934
170.75,3.186424872797639
171.0,3.001524957121689
171.25,3.1590975902980185
171.5,3.052032714392419
171.75,3.147311624617135
172.0,3.185823118283837
172.25,3.1029837789000756
172.5,2.994011081849068
172.75,3.0839711530884637
173.0,3.1540890233151746
173.25,3.111929427445364
173.5,3.0353438956329915
173.75,3.0823682708739297
174.0,3.07780720136484
174.25,2.9996615507135203
174.5,3.1160419124263257
174.75,3.180027831386724
175.0,3.1252797128603276
175.25,3.10263806851999
175.5,3.0742631346040623
175.75,3.0403820646921216
176.0,3.126682332091294
176.25,3.0339103483935057
176.5,2.992823287460849
176.75,3.1517238715868823
177.0,2.990193667123025
177.25,3.055610440292394
177.5,3.0793416525466304
177.75,3.1032977252191167
178.0,3.024715288676276
178.25,3.0934386231730575
178.5,3.080840716941237
178.75,3.075258942277346
179.0,3.1303748574701618
179.25,2.9943678818629906
179.5,3.0553252886224054
179.75,3.0710318001474266
180.0,3.106691608712319
180.25,2.923289918355246
180.5,2.9915157623893847
180.75,3.1497113072473084
181.0,3.1497480828661657
181.25,2.984019214420224
181.5,3.111292121952594
181.75,3.074264374218064
182.0,3.0819132411459664
182.25,2.960810459430185
182.5,3.0728953513908412
182.75,2.9737991888615123
183.0,3.0639664702697713
183.25,3.1349827057731776
183.5,3.0129345231601485
183.75,3.0959204915636414
184.0,3.074930768545513
184.25,3.113371047993743
184.5,3.016767906343824
184.75,3.007644317128812
185.0,3.1669348664370647
185.25,2.9572112839992197
185.5,3.060592903333422
185.75,3.0218767787900536
186.0,3.116605872011511
186.25,3.0527149344784825
186.5,3.140473683782621
186.75,3.021915991310628
187.0,2.941361358815642
187.25,3.0076774431145177
187.5,3.086491869413681
187.75,2.9791423598985722
188.0,3.098068182942431
188.25,3.088077559030738
188.5,3.0895894746625197
188.75,2.954557473615574
189.0,3.075836870483393
189.25,2.9966870582306067
189.5,3.091175206004548
189.75,2.9936222949948745
190.0,2.991067890788734
190.25,3.0844643074449802
190.5,3.099430595574925
190.75,3.080023752413337
191.0,3.052798244909805
191.25,2.981576768892458
191.5,3.046701416686961
191.75,3.1013954258972483
192.0,3.025097077559347
192.25,3.020747994069684
192.5,2.9613396668584246
192.75,3.0450523397847444
193.0,3.0773193440323534
193.25,2.9824782040500892
193.5,3.0371748962416247
193.75,3.0514103750839694
194.0,2.9437219073865717
194.25,2.9859048835447926
194.5,3.012962855715013
194.75,3.1327189621817846
195.0,3.03765845850164
195.25,3.030159929322116
195.5,2.933853675566717
195.75,2.9511137412176733
196.0,2.9959646707357903
196.25,3.1274429923174436
196.5,2.98726314718824
196.75,2.991809980652511
197.0,3.016065128562689
197.25,2.923357742274475
197.5,3.0185934241934076
197.75,3.0616244361509137
198.0,2.9162337934121805
198.25,2.9637065422764404
198.5,3.047854354667052
198.75,3.0084913350340394
199.0,3.0690409720011984
199.25,2.937123011103592
199.5,3.023641910386261
199.75,2.9818003288572177
200.0,3.193703347591636
200.25,2.9787938561919765
200.5,2.9595894065279857
200.75,2.940584230399221
201.0,2.9422686140198784
201.25,3.051931837579548
201.5,3.0409175353373645
201.75,2.990849588445986
202.0,3.03784937888569
202.25,2.995973516324364
202.5,2.924504544698377
202.75,2.989892560482273
203.0,2.8743040370264286
203.25,2.9613266033952415
203.5,2.999640668834986
203.75,3.004167667656738
204.0,3.0373575677299165
204.25,3.0004300817976843
204.5,2.905942233575723
204.75,2.959057532144583
205.0,3.0360299180194383
205.25,2.9492423600661075
205.5,2.9139795631937817
205.75,2.912933856662903
206.0,3.1032382715027764
206.25,3.0440263515189705
206.5,3.0112678486697604
206.75,3.0536386086173324
207.0,3.088659871479455
207.25,3.019994635828424
207.5,2.8674361685895113
207.75,3.020071531756033
208.0,3.022190942896674
208.25,2.987032572497539
208.5,3.038118245200832
208.75,2.9618986916020926
209.0,3.0323944113819334
209.25,2.9776078410369053
209.5,3.016717001798545
209.75,3.0340481672274606
210.0,2.8645251662222373
210.25,3.0166974535859623
210.5,2.8832739329909027
210.75,2.9590992550960524
211.0,3.0488438944106537
211.25,2.977576701540455
211.5,2.904414505098425
211.75,2.9201854895398514
212.0,2.9885129182354317
212.25,2.8721012568928384
212.5,2.9825109459552674
212.75,3.0017118162795566
213.0,3.080331380579469
213.25,3.0116566397419353
213.5,2.9926025280609094
213.75,2.9437545172340744
214.0,2.9642386920754444
214.25,2.940903268764218
214.5,3.035766996358563
214.75,3.0185977374797606
215.0,2.9085556984254706
215.25,3.0044743466919326
215.5,2.9166056165810526
215.75,3.0364366838735863
216.0,2.961343039595375
216.25,2.8849247900087422
216.5,2.945524382321696
216.75,3.038928176668646
217.0,3.0370018564655616
217.25,2.990854981400222
217.5,2.893852204676293
217.75,2.8621993260368406
218.0,2.9876432462859843
218.25,2.9143712905675434
218.5,2.9020018141595036
218.75,2.871972172082369
219.0,2.965068526860232
219.25,2.895088121148251
219.5,2.989584023611701
219.75,2.9193315969880085
220.0,3.1495645904529277
220.25,3.03273056001031
220.5,3.0397373412136557
220.75,3.081213259543179
221.0,2.903114139308511
221.25,2.97829221040756
221.5,2.9893528738784414
221.75,2.909775463989298
222.0,2.9667461594276996
222.25,3.0121066914780683
222.5,2.802834834576493
222.75,2.947174746991807
223.0,2.969858043965093
223.25,2.9829429543691037
223.5,2.8989642939379663
223.75,2.9620940316650355
224.0,2.8931211360365285
224.25,2.9485037629038913
224.5,2.888650508964337
224.75,2.9591047622006514
225.0,2.850756696136867
225.25,2.9123615345273826
225.5,3.031226422503841
225.75,2.9900544513179956
226.0,2.8932671518680286
226.25,3.0142858988828642
226.5,2.9826715648856674
226.75,2.9820282665591664
227.0,2.913096437595615
227.25,2.8599224743007086
227.5,3.0092522720871626
227.75,2.9204314062097287
228.0,3.0154723447633227
228.25,2.929446220323972
228.5,2.884595280045841
228.75,2.8309231242011395
229.0,2.9190046611971203
229.25,2.8854744565622283
229.5,2.9942923763822438
229.75,2.8967937221067817
230.0,2.917620037757943
230.25,2.9701335025093685
230.5,2.9494369138336554
230.75,2.9372786680333136
231.0,2.971541827079782
231.25,2.9381151327376225
231.5,2.947651585467589
231.75,2.911537106485772
232.0,2.963904917868992
232.25,3.026113573953655
232.5,2.9438528186251247
232.75,3.005339307848821
233.0,2.897858677412646
233.25,2.9584843423234872
233.5,2.858427312028814
233.75,2.9361175530295975
234.0,2.97068600794832
234.25,2.9498421448483922
234.5,2.9296555108184585
234.75,2.873407176470381
235.0,2.822486350273897
235.25,2.9564605688285783
235.5,2.9829939433893005
235.75,2.8545901998358705
236.0,2.9643131164811156
236.25,2.974929050324557
236.5,3.011479578425989
236.75,3.003587854026205
237.0,2.9545788192563065
237.25,2.9837753365898854
237.5,2.924836976951147
237.75,2.9115271070991313
238.0,2.971367436176379
238.25,2.9960106003801936
238.5,2.9306753873095377
238.75,3.0086435777437415
239.0,2.7744227677236095
239.25,2.890776985155163
239.5,2.919423601101697
239.75,2.9939982518483608
240.0,2.9979622290635812
240.25,2.898542038322588
240.5,3.071946135134303
240.75,2.9502357833393202
241.0,2.8514986470655925
241.25,2.7915476241293473
241.5,3.0666075102313686
241.75,3.0589159951725553
242.0,2.9749985124994893
242.25,2.9741787089717793
242.5,2.8467465793133027
242.75,2.9281686750933646
243.0,2.9133597569535388
243.25,3.0417391907621916
243.5,2.9388439894844987
243.75,2.8032544134036286
244.0,2.8411095267537125
244.25,2.9150395673984923
244.5,2.8597288917081602
244.75,2.9218234838410773
245.0,2.962340768779037
245.25,2.90247125943275
245.5,3.0435733357673245
245.75,2.8073833616560773
246.0,2.897139602068668
246.25,3.060693159694896
246.5,2.9936466582924393
246.75,2.91689990861339
247.0,2.878712324775639
247.25,3.0240375059352793
247.5,3.0307454677415206
247.75,3.1958841319291365
248.0,3.209269682784714
248.25,3.3283496973552187
248.5,3.3055541532850605
248.75,3.32543010533486
249.0,3.3229079317729977
249.25,3.382145458280553
249.5,3.3625587944194923
249.75,3.57395725346569
250.0,3.4848938364630473
250.25,3.4303816753779994
250.5,3.508040644479985
250.75,3.5579132307243864
251.0,3.48090732954125
251.25,3.4946933491924272
251.5,3.438434359670185
251.75,3.612761759841674
252.0,3.496507675190846
252.25,3.5346830163403427
252.5,3.5176770642953716
252.75,3.4874705228018867
253.0,3.43257390152078
253.25,3.4632138608041902
253.5,3.602265808592259
253.75,3.4485676580368776
254.0,3.473261081007237
254.25,3.5149946524017177
254.5,3.4322760972239985
254.75,3.4876494384442753
255.0,3.387834063416994
255.25,3.4459094930160954
255.5,3.361874694688794
255.75,3.449256522681236
256.0,3.418426928090266
256.25,3.4104134997332247
256.5,3.3412456958063985
256.75,3.3181525020905323
257.0,3.331599739653372
257.25,3.385154184467342
257.5,3.3820837885546333
257.75,3.3436786717496054
258.0,3.2602698509736165
258.25,3.348360140145819
258.5,3.2301025816162046
258.75,3.442882790894423
259.0,3.202494427898134
259.25,3.295293858949227
259.5,3.3738821548533706
259.75,3.3310269711212426
260.0,3.3555538464897197
260.25,3.295200956033239
260.5,3.2316586593032697
260.75,3.448491068238186
261.0,3.27086508670191
261.25,3.245805609893802
261.5,3.208437120411958
261.75,3.302957532099119
262.0,3.308642550664309
262.25,3.2403960177886137
262.5,3.2697963732801965
262.75,3.442323347598505
263.0,3.4408699309064663
263.25,3.376241174045916
263.5,3.4548458215010753
263.75,3.5366974522363646
264.0,3.5220111475434543
264.25,3.505094160419656
264.5,3.535032172803612
264.75,3.452856133639552
265.0,3.6629455084142144
265.25,3.794129364033542
265.5,3.94046191410944
265.75,3.8128597186874327
266.0,3.821066543549137
266.25,3.9000478576140334
266.5,3.9234151094023364
266.75,4.026285690275105
267.0,4.023897245004554
267.25,3.853675090866599
267.5,3.93707900406559
267.75,3.964969017327471
268.0,4.11895481682975
268.25,3.9534346069973108
268.5,3.8893135607826537
268.75,4.06711415789926
269.0,3.922074859919301
269.25,4.12050703005378
269.5,4.012669374474556
269.75,4.01162088851958
270.0,3.871015443881653
270.25,4.0165610651240335
270.5,3.8811119367277036
270.75,3.9332288725037547
271.0,3.9200151491188433
271.25,3.8745122011995616
271.5,3.8812995646863833
271.75,3.88106002128699
272.0,3.813338186047275
272.25,3.7700630085411095
272.5,3.6571884341865335
272.75,3.9005622232804154
273.0,3.852070248814478
273.25,3.76253161349884
273.5,3.7105526404338116
273.75,3.854898104926804
274.0,4.397255706435928
274.25,4.775873623786408
274.5,5.162009813071831
274.75,5.497426054790211
275.0,5.7649797946549475
275.25,5.783607640997522
275.5,5.971663815047067
275.75,5.977632090331334
276.0,6.119070689071209
276.25,6.145184051559782
276.5,6.23179274564986
276.75,6.309758186124315
277.0,6.13758329175563
277.25,6.236142322573222
277.5,6.256393041797444
277.75,6.182430125073621
278.0,6.184891771551339
278.25,6.154717765935725
278.5,6.143896087466194
278.75,6.053719584403385
279.0,5.9865709949388215
279.25,5.982578319086405
279.5,5.967708878735501
279.75,5.8876217404414595
280.0,5.728657181003273
280.25,5.739166119300921
280.5,5.712726817097828
280.75,5.720319223268325
281.0,5.636110687156261
281.25,5.588316296001947
281.5,5.529553548644295
281.75,5.502477936385945
282.0,5.369866649950567
282.25,5.474613891729623
282.5,5.287683432852851
282.75,5.26997189533696
283.0,5.140882430636557
283.25,5.205803784147438
283.5,5.212221288529898
283.75,5.007361847038615
284.0,4.949654860755518
284.25,5.044906359876548
284.5,4.950527425738542
284.75,5.01214667437035
285.0,4.882828696037007
285.25,4.926023709378841
285.5,4.825768714011179
285.75,4.775268016535052
286.0,4.849320554754839
286.25,4.734226025428342
286.5,4.705195431971907
286.75,4.660132471882965
287.0,4.618828156833437
287.25,4.496423478593777
287.5,4.5988000963284135
287.75,4.601357766434312
288.0,4.570584080310156
288.25,4.508304466935025
288.5,4.471190736407112
288.75,4.473628725869491
289.0,4.409759914567112
289.25,4.437478107691916
289.5,4.317715905717531
289.75,4.313529651883396
290.0,4.123091425540603
290.25,4.310636129777657
290.5,4.206931193601748
290.75,4.25305428465425
291.0,4.185009567572687
291.25,4.210108629311615
291.5,4.225425765569658
291.75,4.211647746809473
292.0,4.1157111035392155
292.25,4.096041820371269
292.5,3.943436219743761
292.75,4.050313610189401
293.0,3.930936120000392
293.25,4.020083274473117
293.5,4.063347486041658
293.75,4.014813810823248
294.0,3.970215688667611
294.25,3.9353949041326755
294.5,3.9959183152483915
294.75,3.9125358083567163
295.0,3.8813568649902015
295.25,3.8301269543804386
295.5,3.9560774506957572
295.75,3.855546382213034
296.0,3.8205701266444687
296.25,3.742867329270358
296.5,3.8141430805761605
296.75,3.8539814088101063
297.0,3.7625162528468006
297.25,3.6941511514226146
297.5,3.7056569549903555
297.75,3.7416069879986376
298.0,3.7024211838960994
298.25,3.718056275986419
298.5,3.723427276720548
298.75,3.6081606270029023
299.0,3.567374101862587
299.25,3.6155688920733784
299.5,3.6415658653202243
299.75,3.731746880988047
300.0,3.5973593969731676
300.25,3.6745483975538207
300.5,3.6664624750312083
300.75,3.6673607832261124
301.0,3.4802472784049203
301.25,3.6566223086178145
301.5,3.483370270188135
301.75,3.662794794299494
302.0,3.5095488499770515
302.25,3.5620609557792955
302.5,3.541711547943937
302.75,3.5199196047957924
303.0,3.4682893982632934
303.25,3.5708181441056754
303.5,3.560265821841925
303.75,3.5739843171026506
304.0,3.4780533524590878
304.25,3.505212452392162
304.5,3.43387388609014
304.75,3.5921296170188484
305.0,3.5462656680230062
305.25,3.3620938917628718
305.5,3.4631619735716663
305.75,3.53790909626215
306.0,3.377539202383151
306.25,3.4054893340977492
306.5,3.465196171902614
306.75,3.4815489050502513
307.0,3.473684575833623
307.25,3.430044350956899
307.5,3.5282654124663035
307.75,3.5013574847293576
308.0,3.327004960199494
308.25,3.413254431651381
308.5,3.3257985496125486
308.75,3.367494571902511
309.0,3.3524065873031494
309.25,3.444296820068965
309.5,3.4567171941448924
309.75,3.3623356879552104
310.0,3.3797975470279478
310.25,3.4080084910229074
310.5,3.3349536896210945
310.75,3.325217097258271
311.0,3.3303074855271024
311.25,3.2807866853953374
311.5,3.4448973781580365
311.75,3.269986453012936
312.0,3.3312098014046625
312.25,3.4580667898217765
312.5,3.4346080022152408
312.75,3.387672424309617
313.0,3.3094087034410475
313.25,3.441220782552291
313.5,3.239637634675593
313.75,3.4247911769347144
314.0,3.2244416468258943
314.25,3.3942847290028473
314.5,3.34680986617394
314.75,3.3286648223322777
315.0,3.2007885560065743
315.25,3.3053679094903887
315.5,3.31486421127447
315.75,3.2811813044667635
316.0,3.3861824560634415
316.25,3.289986655935339
316.5,3.2544946742725864
316.75,3.280458887116776
317.0,3.279580131558837
317.25,3.186651982135686
317.5,3.383598491647734
317.75,3.2418348548694067
318.0,3.3265327321902265
318.25,3.364687846295114
318.5,3.402548813518203
318.75,3.306294925208607
319.0,3.356617840504414
319.25,3.2641511985333977
319.5,3.306669890196586
319.75,3.300849035081776
320.0,3.2950859768063285
320.25,3.254657665289743
320.5,3.2312340160818205
320.75,3.238052600602761
321.0,3.2310383517475247
321.25,3.36377577769006
321.5,3.1400919209326172
321.75,3.246341419649751
322.0,3.1386452618425533
322.25,3.2400013627603137
322.5,3.24846998128234
322.75,3.290606829818203
323.0,3.1266670101250074
323.25,3.3219710028369547
323.5,3.251086839886289
323.75,3.341144461756523
324.0,3.395305617631977
324.25,3.2647191418102905
324.5,3.2941668081632276
324.75,3.2676414549557684
325.0,3.3039062287581373
325.25,3.2403231782266513
325.5,3.234874805820764
325.75,3.3650727734736163
326.0,3.24735076781576
326.25,3.2958031224093185
326.5,3.2364386469098934
326.75,3.3089965879374392
327.0,3.3202219677356553
327.25,3.406520818966163
327.5,3.340563328430199
327.75,3.2228471225520905
328.0,3.277690301730085
328.25,3.234234727032564
328.5,3.21966108679917
328.75,3.2390440612737486
329.0,3.365637554200478
329.25,3.218439393179726
329.5,3.173559537778734
329.75,3.219021028409933
330.0,3.2639160029838834
330.25,3.3034447789662806
330.5,3.2121757065698455
330.75,3.394965862929657
331.0,3.299923698902541
331.25,3.3452134359694545
331.5,3.2911843800892493
331.75,3.2432430195569895
332.0,3.327137013009866
332.25,3.2645686087544923
332.5,3.259133887845651
332.75,3.3889029323659114
333.0,3.3308781616694763
333.25,3.357558005357299
333.5,3.26503961867227
333.75,3.241022875178005
334.0,3.268752287906561
334.25,3.329187127713859
334.5,3.27208188386418
334.75,3.256836299358614
335.0,3.2236709711576266
335.25,3.2811377342176553
335.5,3.2485255547172023
335.75,3.345833563762292
336.0,3.220819673882526
336.25,3.341181786581834
336.5,3.2931328467445455
336.75,3.3322645472225854
337.0,3.241335820721684
337.25,3.169599140112261
337.5,3.482971018397035
337.75,3.2577689062202357
338.0,3.243178263816191
338.25,3.3203836333934382
338.5,3.2683399692856883
338.75,3.2904717651674247
339.0,3.221615698257045
339.25,3.343636807731046
339.5,3.2829483867074623
339.75,3.287363841795584
340.0,3.353669472629649
340.25,3.323062351352957
340.5,3.2899138447618856
340.75,3.4459983991234777
341.0,3.4534616853673286
341.25,3.463751639861752
341.5,3.405283059165896
341.75,3.4597756780834352
342.0,3.4073535179107646
342.25,3.372053016940159
342.5,3.326789596953675
342.75,3.4158050021507367
343.0,3.51468833411926
343.25,3.573729134625676
343.5,3.3427943512016216
343.75,3.5548305548306462
344.0,3.4401037465502995
344.25,3.4085254557372955
344.5,3.4978576942166817
344.75,3.556841873117484
345.0,3.3996225968083054
345.25,3.5156847291812645
345.5,3.4685252438422727
345.75,3.4940193734270175
346.0,3.4318617637940307
346.25,3.341119050532674
346.5,3.5761599395850543
346.75,3.3484803672721637
347.0,3.4488022703807637
347.25,3.3859389021837587
347.5,3.4808973032787165
347.75,3.4257492909882292
348.0,3.4960004510297793
348.25,3.5280201841702628
348.5,3.4183606903653505
348.75,3.4669893518191257
349.0,3.5012922537344893
349.25,3.3596779965328807
349.5,3.497247719680654
349.75,3.5396311920036303
350.0,3.357246705520699
350.25,3.319660159145736
350.5,3.4711693102848535
350.75,3.3889351511266135
351.0,3.4017336120156285
351.25,3.3704219780107016
351.5,3.510125055729254
351.75,3.3193443925777264
352.0,3.4611698855502784
352.25,3.323198443178043
352.5,3.3781951361838836
352.75,3.3031519725243736
353.0,3.526533458754297
353.25,3.4204020252207887
353.5,3.352229221516346
353.75,3.3628588945335482
354.0,3.406100524542402
354.25,3.3862480710869938
354.5,3.3634246314211187
354.75,3.399686658753636
355.0,3.3753639526744483
355.25,3.456765833924
355.5,3.552959216091299
355.75,3.4251929050857615
356.0,3.508741949227411
356.25,3.400352967461299
356.5,3.4266393339939434
356.75,3.353176606024709
357.0,3.3876198472089105
357.25,3.464659509309576
357.5,3.3708445888575596
357.75,3.5065385058912426
358.0,3.4336209270815523
358.25,3.397983479895426
358.5,3.3205124513827213
358.75,3.4133644323972665
359.0,3.3545731618874517
359.25,3.385452732822039
359.5,3.454905846113473
359.75,3.347192975491646
360.0,3.401144859626002
360.25,3.436512180643539
360.5,3.3614606512927203
360.75,3.392199050617237
361.0,3.3623196195860108
361.25,3.3769508778963395
361.5,3.360483098275928
361.75,3.4635276041753955
362.0,3.316392792759754
362.25,3.331998710979108
362.5,3.4214995305447506
362.75,3.3435187062431067
363.0,3.4413248513580887
363.25,3.4391825142346817
363.5,3.3687547180657926
363.75,3.3514591537587957
364.0,3.3944198464750555
364.25,3.37423566608311
364.5,3.4208356042185413
364.75,3.3691346603914774
365.0,3.3767752835216065
365.25,3.4677160938312395
365.5,3.3708669869850176
365.75,3.3925485996135305
366.0,3.3838868900710364
366.25,3.4434080743204745
366.5,3.411973887578334
366.75,3.472065139644543
367.0,3.393646918274949
367.25,3.391950336129956
367.5,3.380732155117775
367.75,3.420255486731624
368.0,3.435981924748413
368.25,3.4204399532703262
368.5,3.4536836332070306
368.75,3.4395937424045586
369.0,3.4531799455365206
369.25,3.5438191449514305
369.5,3.4041498234166507
369.75,3.466128399042854
370.0,3.3681869629542547
370.25,3.516183770501817
370.5,3.424831932214106
370.75,3.443150379220452
371.0,3.4845888465192645
371.25,3.509909572641785
371.5,3.4153353073767367
371.75,3.404212266660252
372.0,3.36779378428614
372.25,3.577017808931838
372.5,3.492413973510887
372.75,3.4535167744116957
373.0,3.4858204946473044
373.25,3.6046182471431414
373.5,3.593397939424598
373.75,3.6706336102193324
374.0,3.6461890620659463
374.25,3.620900251636702
374.5,3.6332894204696697
374.75,3.681600043734573
375.0,3.625738100446444
375.25,3.4797788949272506
375.5,3.637996530471867
375.75,3.5445704101686393
376.0,3.7218772560583937
376.25,3.6781567131466497
376.5,3.7364589352707807
376.75,3.5697313665945902
377.0,3.65233342725529
377.25,3.513001788121442
377.5,3.685800255253061
377.75,3.608378356776312
378.0,3.607877595435989
378.25,3.53570771118633
378.5,3.6349261145747214
378.75,3.6343786736620114
379.0,3.661109794647945
379.25,3.7141422723166166
379.5,3.5902114305219293
379.75,3.701144927651994
380.0,3.629057327155105
380.25,3.705920150628928
380.5,3.6524457173489537
380.75,3.6175622155314677
381.0,3.6157402405577925
381.25,3.6974146353343706
381.5,3.6580617725457287
381.75,3.5780177020580877
382.0,3.6235681056665294
382.25,3.6908246664734334
382.5,3.6163210574884808
382.75,3.6785630830390574
383.0,3.6987947465934434
383.25,3.7310468329101747
383.5,3.6538308681774545
383.75,3.7401454240308327
384.0,3.780255678713505
384.25,3.856866160367609
384.5,3.7724078508840124
384.75,3.899520837217582
385.0,3.8338209868576136
385.25,3.8544233994314996
385.5,3.8774282443916697
385.75,3.8489958622817286
386.0,3.8874324382576115
386.25,3.9662003157667307
386.5,3.884487504501987
386.75,3.9749363253887484
387.0,3.8270282620945864
387.25,3.9466974861503594
387.5,3.971567319081375
387.75,3.893570969317073
388.0,3.8414163242678754
388.25,3.9705344714588136
388.5,3.856524425916825
388.75,3.9329360155962507
389.0,3.859436836459366
389.25,3.892745377457253
389.5,4.04274538659105
389.75,3.981722457270967
390.0,3.89969951566319
390.25,3.8986332552148215
390.5,3.8346839298785507
390.75,3.816039600456575
391.0,3.896935747372238
391.25,3.945401299068806
391.5,3.7943508215830652
391.75,3.8735599114284955
392.0,3.8643538730698936
392.25,3.8682925431014614
392.5,3.912599313440764
392.75,3.8623005464031333
393.0,3.891131789461772
393.25,3.778359913771592
393.5,3.7903432617971924
393.75,3.86564741853345
394.0,3.8142728215036414
394.25,3.9946609240861934
394.5,3.8015222898555234
394.75,3.9557166483658315
395.0,3.7482803020929865
395.25,3.7738627250899164
395.5,3.84967891312289
395.75,3.7818615694614537
396.0,3.786054674876726
396.25,3.7856231483098814
396.5,3.8274927303253916
396.75,3.7446947114137976
397.0,3.71499558219244
397.25,3.7828143408294728
397.5,3.806297019997096
397.75,3.6304198341640253
398.0,3.694430420207671
398.25,3.906805734792926
398.5,3.8191221980605494
398.75,3.763293541104717
399.0,3.7550162978320465
399.25,3.8265510324375387
399.5,3.8307419952653734
399.75,3.7604985463612635
400.0,3.695296279321501
400.25,3.709922982718899
400.5,3.8698848971378133
400.75,3.8613354585199
401.0,3.7901868246416583
401.25,3.7301802954627634
401.5,3.875510609616953
401.75,3.7478723097334945
402.0,3.841119581892503
402.25,3.764882205352215
402.5,3.865848035924671
402.75,3.7111622823031474
403.0,3.857881340090409
403.25,3.791830735983922
403.5,3.8106122651513568
403.75,3.843025038141752
404.0,3.8472104214639327
404.25,3.91990359421707
404.5,3.8254508300412695
404.75,3.8800809904624827
405.0,3.8468274276857173
405.25,3.9545049334102487
405.5,3.8621164104010717
405.75,3.9407292321627176
406.0,3.851236583312786
406.25,3.9116683087038586
406.5,3.8685419297893344
406.75,3.919704039392099
407.0,3.92327497059094
407.25,3.960105546514
407.5,3.9063524964246144
407.75,3.898633119564207
408.0,4.039843856050933
408.25,3.919771181274379
408.5,4.058963969063221
408.75,4.03332010578143
409.0,3.9548244781937867
409.25,3.9196714481673425
409.5,3.8630128997881954
409.75,3.8665147451399235
410.0,3.8642274188554264
410.25,3.917548692555484
410.5,3.942502262590738
410.75,3.9534413255314536
411.0,3.7826459532963326
411.25,3.7902944155264358
411.5,3.883284435644046
411.75,3.8664057780130165
412.0,3.914506025215902
412.25,3.7870525157998562
412.5,3.9104524328695085
412.75,3.8599042069281944
413.0,3.8275323662615666
413.25,3.9532745452869142
413.5,3.894725448776626
413.75,3.761543178781184
414.0,3.814691444014196
414.25,3.819281580535654
414.5,3.8753042777071687
414.75,3.8459021873674493
415.0,3.87034418807963
415.25,3.9866563529668726
415.5,3.898206753600064
415.75,3.8806462164997035
416.0,3.8694757716578803
416.25,3.8318007009244823
416.5,3.8288470512377852
416.75,3.890718993433044
417.0,3.897977722426766
417.25,3.867898660903443
417.5,4.006577906735998
417.75,3.9890802866137176
418.0,4.088406421704169
418.25,4.255283768417783
418.5,4.279981085233257
418.75,4.425503483129628
419.0,4.372699666222638
419.25,4.393663335006329
419.5,4.370864484127943
419.75,4.474044976949415
420.0,4.51136274183725
420.25,4.408468749177686
420.5,4.335301800699724
420.75,4.4958352838747935
421.0,4.326305225112978
421.25,4.396840235893979
421.5,4.3694226398890965
421.75,4.44391770888055
422.0,4.377418520335943
422.25,4.425152320137763
422.5,4.337902950451956
422.75,4.317139881446265
423.0,4.332430244968612
423.25,4.363408749589102
423.5,4.297846285472234
423.75,4.3698084520176055
424.0,4.225864857430857
424.25,4.277867254841693
424.5,4.2532940144987705
424.75,4.302453484546076
425.0,4.212986620189186
425.25,4.231475524361029
425.5,4.104350105529883
425.75,4.250728960435742
426.0,4.161957027965349
426.25,4.251214567008591
426.5,4.233782959020662
426.75,4.23150188311683
427.0,4.210895192956646
427.25,4.121985750350089
427.5,4.136473692488198
427.75,4.081958083480626
428.0,4.148917414572122
428.25,4.145707918907949
428.5,4.070109254945912
428.75,4.087811949212545
429.0,4.217658169953917
429.25,4.145608582771185
429.5,4.1197736216435885
429.75,4.135889566086322
430.0,4.030540370584264
430.25,4.051516925762297
430.5,4.101040316202427
430.75,4.101742052831129
431.0,4.074214313360663
431.25,4.0215934602142
431.5,4.034871449009002
431.75,4.1040587462629965
432.0,4.088163298074826
432.25,4.034038311238485
432.5,4.154871627548117
432.75,4.065932415810298
433.0,4.060172831998464
433.25,3.975037718720807
433.5,4.109420970116403
433.75,3.9773783443502495
434.0,3.9701991295075967
434.25,4.113720588261704
434.5,4.076937593733111
434.75,4.004942093310721
435.0,3.9970261648054253
435.25,4.04560495855588
435.5,4.026145140064669
435.75,3.9478368918426336
436.0,3.988903984850159
436.25,4.029915680869216
436.5,4.01366449364861
436.75,3.881691176442713
437.0,3.955907930032031
437.25,3.9146881047766033
437.5,4.00210688094006
437.75,4.04402254880186
438.0,4.0160421458242865
438.25,3.9500943018419434
438.5,3.958551888764603
438.75,3.9917997102971947
439.0,3.9853300212801845
439.25,3.884009136188529
439.5,3.8518474628944794
439.75,3.9755698225194562
440.0,4.014574125747445
440.25,3.9289330344430757
440.5,3.9793128930024606
440.75,4.0043753655174825
441.0,3.9783002599010175
441.25,4.034793582907682
441.5,3.9320781828448386
441.75,3.9658504468446543
442.0,3.8575146618273104
442.25,3.983997831682083
442.5,3.822234313223969
442.75,3.913459707548915
443.0,3.951241480326656
443.25,3.955002360228489
443.5,3.883738997880644
443.75,3.7950917539122577
444.0,3.8942751175762345
444.25,3.888584953197153
444.5,3.9111909887380736
444.75,3.9760091756605025
445.0,4.065432404224763
445.25,4.00551998590642
445.5,3.9532129933536813
445.75,3.9143721365988853
446.0,3.9385723954136753
446.25,3.901008888898004
446.5,3.902860643966759
446.75,3.971198511711922
447.0,3.9652001828490153
447.25,4.043274317012127
447.5,4.038287740318976
447.75,4.146997622459881
448.0,4.078506453694341
448.25,4.058887041842469
448.5,4.185823839389098
448.75,4.118352029891776
449.0,4.279683901360387
449.25,4.208003784010438
449.5,4.340694298702457
449.75,4.241659641283894
450.0,4.259205301922675
450.25,4.29466290520612
450.5,4.282913450645265
450.75,4.335487841504882
451.0,4.478007952765384
451.25,4.4750310172353664
451.5,4.609070749589879
451.75,4.612163419162284
452.0,4.662152616959458
452.25,4.624438212125415
452.5,4.625867587179877
452.75,4.586045266862652
453.0,4.638274124162952
453.25,4.6413394065926985
453.5,4.660964503546129
453.75,4.611922241642018
454.0,4.705962063266161
454.25,4.568862126882168
454.5,4.590158818196604
454.75,4.624842884750613
455.0,4.589114576567956
455.25,4.646421923685831
455.5,4.561300925300651
455.75,4.585972989960662
456.0,4.569563612791559
456.25,4.515021280789841
456.5,4.6069960230800175
456.75,4.4367960588126465
457.0,4.622987357022014
457.25,4.478926854954317
457.5,4.5837691205126
457.75,4.371128624255761
458.0,4.520416221912383
458.25,4.624879779348087
458.5,4.4408850321110975
458.75,4.352238641268628
459.0,4.425447075782538
459.25,4.319430438841215
459.5,4.369692872165012
459.75,4.415559214281024
460.0,4.340814702298846
460.25,4.423255204522417
460.5,4.486136663818528
460.75,4.4427548752867345
461.0,4.381800554446328
461.25,4.373893897247848
461.5,4.289841459466336
461.75,4.33621512272661
462.0,4.3600309397568795
462.25,4.255778519952921
462.5,4.221350170846643
462.75,4.076233010511318
463.0,4.227525794244767
463.25,4.194204207788617
463.5,4.255410998815893
463.75,4.189844439063297
464.0,4.2550517238961545
464.25,4.2642359752894965
464.5,4.244097962068892
464.75,4.263100871131748
465.0,4.238786612372674
465.25,4.197349064921506
465.5,4.164874427465142
465.75,4.182223526722643
466.0,4.199700258728073
466.25,4.131234112021105
466.5,4.116410026811007
466.75,4.136943557922079
467.0,4.132574763441385
467.25,4.079993925866163
467.5,4.130161219771478
467.75,4.047413489748042
468.0,4.0346448782510365
468.25,4.12252833778804
468.5,4.085343914684721
468.75,4.0869143581207865
469.0,4.077285318882053
469.25,4.106306979652761
469.5,4.171571099714237
469.75,4.025968157116228
470.0,4.0156463474148305
470.25,3.995171057383987
470.5,3.991802467761172
470.75,4.066375531147803
471.0,3.993359986427498
471.25,4.058490657348089
471.5,4.065858119007708
471.75,4.039073131141137
472.0,4.003038186567752
472.25,4.096710252959161
472.5,3.9100573729438137
472.75,4.028654717023403
473.0,4.069827449346761
473.25,4.00542178321927
473.5,3.9565112943851655
473.75,4.032809388993371
474.0,3.9384877393416997
474.25,3.9956254621461635
474.5,3.996112899284208
474.75,4.009167042979903
475.0,3.9012484822147564
475.25,3.966167624081701
475.5,4.057652378664479
475.75,3.9441191152088693
476.0,4.0458883225441005
476.25,3.9290984619736244
476.5,3.869107137929373
476.75,4.082530985418414
477.0,3.887657496157464
477.25,3.902402244435591
477.5,3.9389780898752367
477.75,4.003400147527669
478.0,3.864064177752802
478.25,3.8886327968340044
478.5,3.8502559161891385
478.75,3.9782524973454385
479.0,3.8500425116726986
479.25,3.8655525898021805
479.5,3.8505519223988105
479.75,3.8180842724619186
480.0,3.8277444333657686
480.25,3.953165347076465
480.5,3.809083998139928
480.75,3.872826143873486
481.0,3.9226020423759613
481.25,3.8302419906044203
481.5,3.878824740340637
481.75,3.8481545546285036
482.0,3.90255272838522
482.25,3.7763448469851717
482.5,3.8280567372450798
482.75,3.927290298752305
483.0,3.8225798345652007
483.25,3.8949929956894924
483.5,3.8222135251748743
483.75,3.766592562245716
484.0,3.9794173922115994
484.25,3.8767768762887793
484.5,3.840754526902025
484.75,3.9074543712056906
485.0,3.831345937842395
485.25,3.853947294488789
485.5,3.949645062300055
485.75,3.8754417002055
486.0,3.817012176450817
486.25,3.8792226087292656
486.5,3.73368365684593
486.75,3.702702413443558
487.0,3.780455723023119
487.25,3.666791350194725
487.5,3.737698107053879
487.75,3.789684157398592
488.0,3.8832696630684795
488.25,3.7680483246060854
488.5,3.8396408587762485
488.75,3.7651367859431133
489.0,3.8064034106128415
489.25,3.798938630896331
489.5,3.8193617064985173
489.75,3.6536176975739814
490.0,3.8027929794587596
490.25,3.846498184731329
490.5,3.7631968844447705
490.75,3.748731105732263
491.0,3.8224309418467466
491.25,3.8157908966791783
491.5,3.8367886682161543
491.75,3.7630842789688312
492.0,3.7119806629790664
492.25,3.7575573785646177
492.5,3.732640640823812
492.75,3.800412566980259
493.0,3.7996829578372084
493.25,3.730339518795067
493.5,3.649917332488497
493.75,3.7878892677999323
494.0,3.774209087827384
494.25,3.8290516856288437
494.5,3.7964326943107984
494.75,3.751879411608171
495.0,3.6638120778519814
495.25,3.8457160687718965
495.5,3.7607241453317437
495.75,3.7449210658003493
496.0,3.772516438866568
496.25,3.819412642600626
496.5,3.7292784887878185
496.75,3.7218521718823827
497.0,3.7629483313862635
497.25,3.8246818169950854
497.5,3.6959682119083506
497.75,3.671972730311016
498.0,3.8485612022067635
498.25,3.853499931563291
498.5,3.7488671961425726
498.75,3.613161367677123
499.0,3.8441183389984768
499.25,3.6879512351053814
499.5,3.7694446474389456
499.75,3.832276030775692
500.0,3.8734373004734044
500.25,3.7756789802807376
500.5,3.7364452742466727
500.75,3.699819831405738
501.0,3.699717555941726
501.25,3.709107067581727
501.5,3.832103108419096
501.75,3.710142694447344
502.0,3.7079185602601563
502.25,3.7306513311944602
502.5,3.7981572191352515
502.75,3.700172917455067
503.0,3.6827619138136516
503.25,3.7936483420007256
503.5,3.692779544031936
503.75,3.850572751724573
504.0,3.6603626643164437
504.25,3.6835414481312316
504.5,3.648597758902816
504.75,3.6331605714494257
505.0,3.601061673221779
505.25,3.7487363291536244
505.5,3.8225820644206667
505.75,3.6599225319813646
506.0,3.714990404244571
506.25,3.8543588563718747
506.5,3.7013643141305406
506.75,3.8319807697220147
507.0,3.5870313057176286
507.25,3.5759588557397124
507.5,3.6571282499500453
507.75,3.69465438866783
508.0,3.68930655842193
508.25,3.7640132395781514
508.5,3.6891029872857
508.75,3.690088113429148
509.0,3.719912359619821
509.25,3.5841836045998496
509.5,3.6495615747839594
509.75,3.633435617035556
510.0,3.651960255285159
510.25,3.785270331069941
510.5,3.671819895281448
510.75,3.7386598722260946
511.0,3.6656961031392115
511.25,3.7025620719404246
511.5,3.610279248038336
511.75,3.772479715275937
512.0,3.7465776355164344
512.25,3.847885406446115
512.5,3.645854903915494
512.75,3.739558783197508
513.0,3.6235719148906145
513.25,3.73688488851185
513.5,3.85775146373358
513.75,3.7490692207822978
514.0,3.6473662341482007
514.25,3.5721200748735407
514.5,3.764614775030032
514.75,3.7388040529216386
515.0,3.7024803509168565
515.25,3.5816429230917586
515.5,3.687886499463174
515.75,3.7592498723137906
516.0,3.7904574582497768
516.25,3.604319722137235
516.5,3.65195081007525
516.75,3.620518619655012
517.0,3.7436378138282422
517.25,3.6521456427997863
517.5,3.644534192092443
517.75,3.6456404142096472
518.0,3.636692253041553
518.25,3.806976969862608
518.5,3.7193201932235445
518.75,3.717730925783686
519.0,3.6861446215485203
519.25,3.7071655882484187
519.5,3.571106531739161
519.75,3.7122958761375715
520.0,3.67522933514817
520.25,3.750993515704153
520.5,3.6915818785265726
520.75,3.725787329294328
521.0,3.710918042101835
521.25,3.7234145949468185
521.5,3.6306687385723775
521.75,3.768742377968168
522.0,3.654476235934195
522.25,3.5832768688498
522.5,3.5939739589222106
522.75,3.7260249229450175
523.0,3.6284256597386633
523.25,3.7833393271211846
523.5,3.633275104255344
523.75,3.7531199344612567
524.0,3.559599638789328
524.25,3.6227140099791666
524.5,3.7148327033649093
524.75,3.645923634199729
525.0,3.6979858968465513
525.25,3.6576710160933583
525.5,3.6105853469106775
525.75,3.5934237701212757
526.0,3.7340371970890787
526.25,3.663226045756274
526.5,3.6460800599782743
526.75,3.5792830355919305
527.0,3.7003669922230062
527.25,3.7055719463273027
527.5,3.7919762262386056
527.75,3.716974854660916
528.0,3.614183339083826
528.25,3.7552779297297683
528.5,3.740932667457762
528.75,3.6979473336540463
529.0,3.503096708355616
529.25,3.677328304755389
529.5,3.6994490085391027
529.75,3.670469811397683
530.0,3.593874129575832
530.25,3.701764952211809
530.5,3.62216653858841
530.75,3.7688742453499735
531.0,3.694301390822083
531.25,3.7865775003976085
531.5,3.600477468866279
531.75,3.6734907471967317
532.0,3.6158493477586084
532.25,3.6636578152953616
532.5,3.6650637242680943
532.75,3.8003330732706617
533.0,3.653934882583715
533.25,3.6828740224855645
533.5,3.713870996560587
533.75,3.8339083729085273
534.0,3.5050892940902454
534.25,3.6427051688310845
534.5,3.7081215234935128
534.75,3.707861783275397
535.0,3.7133553849154843
535.25,3.5904349096902433
535.5,3.6344737540276815
535.75,3.5642201798477
536.0,3.7386201876755636
536.25,3.654415302735084
536.5,3.6201346283481004
536.75,3.6545207644130624
537.0,3.7002196757446804
537.25,3.6410097286692924
537.5,3.563872900822432
537.75,3.6618408206976842
538.0,3.6920227374496553
538.25,3.655673784946536
538.5,3.5919055407504437
538.75,3.6361222457258573
539.0,3.530268886201644
539.25,3.694641007655923
539.5,3.7333778669776962
539.75,3.668197712423326
540.0,3.71489568827537
540.25,3.6875471858977473
540.5,3.65987412509476
540.75,3.587607517066851
541.0,3.6475628340505466
541.25,3.623669557593949
541.5,3.523524614142913
541.75,3.5652851133567713
542.0,3.7470158024060436
542.25,3.611080086885483
542.5,3.6323882020464113
542.75,3.646148803479818
543.0,3.566202527530311
543.25,3.56448214333047
543.5,3.5950465091970782
543.75,3.6242888234575017
544.0,3.644759731243632
544.25,3.706909189775306
544.5,3.572211539974474
544.75,3.654259380439961
545.0,3.5781405831006405
545.25,3.68107647842826
545.5,3.6401460780478025
545.75,3.645398592960998
546.0,3.669796785473793
546.25,3.6768290158943033
546.5,3.6798159395229635
546.75,3.593030564328178
547.0,3.625483375249261
547.25,3.6084345005490523
547.5,3.62417463301257
547.75,3.6521777157971416
548.0,3.682616721206751
548.25,3.5995096473158346
548.5,3.552061322878934
548.75,3.6997030283351724
549.0,3.557433200439401
549.25,3.675279010323077
549.5,3.619332641607432
549.75,3.745823502827153
550.0,3.687884960491755
550.25,3.5322967128052607
550.5,3.7639295321751622
550.75,3.6186696376903633
551.0,3.61792986875355
551.25,3.7028041555606674
551.5,3.6528015181726325
551.75,3.6742115086109024
552.0,3.7789293240877586
552.25,3.8425173425596753
552.5,4.096686126291978
552.75,4.157031439946776
553.0,4.194487153746393
553.25,4.219473498758768
553.5,4.495837811876249
553.75,4.39682248744418
554.0,4.489129421491253
554.25,4.574114366233848
554.5,4.680801485825103
554.75,4.603177861890219
555.0,4.703025870438825
555.25,4.786728000799116
555.5,4.909656885638387
555.75,4.972091994722914
556.0,4.847603685923029
556.25,4.918820137754979
556.5,4.990909936624944
556.75,4.96953076912553
557.0,4.885033326389614
557.25,4.872359902052664
557.5,4.87013463074559
557.75,4.904707694681041
558.0,4.928087940721176
558.25,4.937564066024523
558.5,4.901553128097556
558.75,4.942079810609218
559.0,4.875905429712795
559.25,4.946185087501361
559.5,4.753315232030128
559.75,4.899567029561825
560.0,4.844215096888601
560.25,4.898117383635571
560.5,4.792740420303786
560.75,4.773425556383896
561.0,4.869805205599298
561.25,4.790583290000696
561.5,4.738523949482464
561.75,4.765358309311928
562.0,4.759022079911626
562.25,4.832143358604954
562.5,4.677594188405932
562.75,4.717271849086504
563.0,4.7835201284231
563.25,4.6744391012600754
563.5,4.707298692939175
563.75,4.73197334132767
564.0,4.690975177249954
564.25,4.656645165852667
564.5,4.569197732322875
564.75,4.657046094769663
565.0,4.692719130094537
565.25,4.637616773369519
565.5,4.533430264211663
565.75,4.655844963327853
566.0,4.5296420619483655
566.25,4.676129946342818
566.5,4.651627888135471
566.75,4.54970366639017
567.0,4.606638554145131
567.25,4.5819439566424185
567.5,4.51012850138968
567.75,4.570312791165163
568.0,4.548766581586553
568.25,4.632478482810203
568.5,4.488571885718134
568.75,4.495536480152339
569.0,4.4994216281096575
569.25,4.616184581773554
569.5,4.7105562925538385
569.75,4.55123679539845
570.0,4.734600137867835
570.25,4.765636965904387
570.5,4.934337320908012
570.75,4.785268606573246
571.0,4.96597674076071
571.25,4.893400524165791
571.5,4.950322860776808
571.75,4.863889796682679
572.0,4.79810734376787
572.25,4.864841201406764
572.5,4.898274433138841
572.75,4.99178620961697
573.0,4.9046693432763
573.25,4.814682876429684
573.5,4.8433692521675376
573.75,4.781294281441289
574.0,4.7496273184767075
574.25,4.709208670037169
574.5,4.841066972180745
574.75,4.770564904096705
575.0,4.753021580172749
575.25,4.81536175837362
575.5,4.785274019349087
575.75,4.682061015694794
576.0,4.717367857938286
576.25,4.737911487112103
576.5,4.716981524145364
576.75,4.712395989476514
577.0,4.767297341306727
577.25,4.6281531902169695
577.5,4.651837213455981
577.75,4.70455069176933
578.0,4.61400625675591
578.25,4.687761918522653
578.5,4.489210996765401
578.75,4.704566731355192
579.0,4.6920527674622985
579.25,4.52202882886679
579.5,4.528238100931901
579.75,4.537346420544757
580.0,4.5569767762755955
580.25,4.615456803800843
580.5,4.39900192910043
580.75,4.44214991700435
581.0,4.416584841508065
581.25,4.560625516044294
581.5,4.459883445686227
581.75,4.382218719957282
582.0,4.5713550043335305
582.25,4.526893824568166
582.5,4.543033105067865
582.75,4.433484662971511
583.0,4.390527395439499
583.25,4.3843414185883
583.5,4.492590082229175
583.75,4.395559397546852
584.0,4.481890287378848
584.25,4.403879417585763
584.5,4.4199177593960535
584.75,4.215156507659085
585.0,4.486094356105328
585.25,4.359119614563625
585.5,4.2714258079819
585.75,4.3372650759992135
586.0,4.395801889596693
586.25,4.327418716831744
586.5,4.457368676291774
586.75,4.373503323133621
587.0,4.27136014291824
587.25,4.350097455013395
587.5,4.367766449218374
587.75,4.287828949783642
588.0,4.347077380520561
588.25,4.296221701447239
588.5,4.233470156379502
588.75,4.217188828779118
589.0,4.318537545567877
589.25,4.230251386797034
589.5,4.188936772640512
589.75,4.335557922303372
590.0,4.224234525276108
590.25,4.237589946910402
590.5,4.3296947444735245
590.75,4.300430953948912
591.0,4.239189397561752
591.25,4.155612832008524
591.5,4.280524552533965
591.75,4.2014755237386145
592.0,4.204368813312265
592.25,4.243058264179134
592.5,4.331130296845241
592.75,4.273184323136364
593.0,4.296200644833646
593.25,4.245747762097096
593.5,4.215177354252289
593.75,4.096192052836527
594.0,4.149612386718346
594.25,4.168225755299621
594.5,4.204047117495814
594.75,4.1551080512656595
595.0,4.177198641530832
595.25,4.100356782902055
595.5,4.285330487859118
595.75,4.159681884461539
596.0,4.150439308583507
596.25,4.136868484450876
596.5,4.015321526896081
596.75,4.215035733213599
597.0,4.162477608913564
597.25,4.043307352595228
597.5,4.0185090522538625
597.75,4.025092751104431
598.0,4.1080810683967846
598.25,4.267836539459524
598.5,4.114839396574318
598.75,4.1393597955224015
599.0,4.210019849089969
599.25,4.045458375092286
599.5,3.9745148718016403
599.75,3.9537535879749686
600.0,4.089630197673202
600.25,4.086362490085999
600.5,4.080464740235574
600.75,4.023923019679373
601.0,4.009515387788342
601.25,4.121156257629526
601.5,4.104089067704167
601.75,4.119406371343448
602.0,4.094913594488877
602.25,4.043671809102119
602.5,4.192364895059709
602.75,4.07302587958975
603.0,4.054008116172544
603.25,4.089515194755382
603.5,4.171454804748153
603.75,4.23238174118467
604.0,4.169127483167012
604.25,4.272913269680439
604.5,4.2374079012176855
604.75,4.241049027478104
605.0,4.221059658383445
605.25,4.37983775219846
605.5,4.335071520453586
605.75,4.5864791284307005
606.0,4.613158332220599
606.25,4.66690435217419
606.5,4.798490333086347
606.75,4.895275330217679
607.0,4.932029006437131
607.25,5.020390816334464
607.5,5.110631115171187
607.75,5.2000658396674675
608.0,5.1326949550612655
608.25,5.307294073233813
608.5,5.138050311347228
608.75,5.126026858417407
609.0,5.173797893350445
609.25,5.244084346127339
609.5,5.154222542790372
609.75,5.183753175672347
610.0,5.206523482393859
610.25,5.318424138828353
610.5,5.234433121673477
610.75,5.188750059751754
611.0,5.189263273948854
611.25,5.195628415331281
611.5,5.100574872837332
611.75,5.105904669203616
612.0,5.2673586651153075
612.25,5.065552678857623
612.5,5.139924304782851
612.75,5.075320694190863
613.0,5.048586604640725
613.25,5.0484596908989685
613.5,5.026769780052947
613.75,5.033622577135255
614.0,4.963059042015573
614.25,4.9592759171898075
614.5,4.894634331459288
614.75,4.927003864611558
615.0,5.025207084683483
615.25,4.942520246198958
615.5,5.037807386652494
615.75,4.880261954498046
616.0,4.940999420640249
616.25,4.895466318821155
616.5,4.927674794052095
616.75,5.045530916374721
617.0,4.886418823579347
617.25,4.829085549666971
617.5,4.932694681032984
617.75,4.770105378816966
618.0,4.861944717798986
618.25,4.785922673580428
618.5,4.777859910003576
618.75,4.807432194347138
619.0,4.738082958719164
619.25,4.774660547067855
619.5,4.809806698000817
619.75,4.732477575490123
620.0,4.750091477558204
620.25,4.719570194888447
620.5,4.756394795806182
620.75,4.539952482023775
621.0,4.598402568569632
621.25,4.556388540261892
621.5,4.608326070554655
621.75,4.718183188747157
622.0,4.608305832104885
622.25,4.6177087249184225
622.5,4.529671707986346
622.75,4.769099297421058
623.0,4.599273456840567
623.25,4.631529955349743
623.5,4.591031618641654
623.75,4.6147244947521955
624.0,4.547089442749835
624.25,4.6283596222668715
624.5,4.4693497155649204
624.75,4.474318679523617
625.0,4.565730457489535
625.25,4.553414569864468
625.5,4.417826858971984
625.75,4.486892545670778
626.0,4.48749006508736
626.25,4.464615783645875
626.5,4.534110710767494
626.75,4.415081743808302
627.0,4.385093993776081
627.25,4.552612027689836
627.5,4.4466831012499295
627.75,4.475256926213325
628.0,4.408265710206999
628.25,4.381907535438877
628.5,4.37264471705733
628.75,4.32713308984685
629.0,4.321575061348429
629.25,4.34158293493875
629.5,4.396248636984255
629.75,4.35595412631364
630.0,4.3816789440680655
630.25,4.339429969253919
630.5,4.421043647977678
630.75,4.325731919970321
631.0,4.4171790423443875
631.25,4.3952301597186185
631.5,4.426341170786028
631.75,4.420165221340475
632.0,4.321950931350266
632.25,4.325677479665929
632.5,4.3326300185147435
632.75,4.310696482304333
633.0,4.294216369965613
633.25,4.242000563754763
633.5,4.378796513273303
633.75,4.294865683437901
634.0,4.36220049301842
634.25,4.310930168527378
634.5,4.3396459467397515
634.75,4.345895708382351
635.0,4.210943076714089
635.25,4.204495615320096
635.5,4.334146488024214
635.75,4.265423533252883
636.0,4.209123620077877
636.25,4.259067719741154
636.5,4.226867510237866
636.75,4.300386434077892
637.0,4.2875986654294245
637.25,4.24531519477577
637.5,4.303471951535402
637.75,4.287168305316839
638.0,4.291244328546152
638.25,4.309087549020554
638.5,4.253662093997234
638.75,4.124650784082288
639.0,4.273389039655405
639.25,4.18790308360006
639.5,4.2483688105555615
639.75,4.23664219058829
640.0,4.163612675925759
640.25,4.245104881496713
640.5,4.216258514370324
640.75,4.268399952229942
641.0,4.32942443865031
641.25,4.221007091718481
641.5,4.401676253988093
641.75,4.46264320204051
642.0,4.421413034932461
642.25,4.512548540536354
642.5,4.560551141642649
642.75,4.452705269697622
643.0,4.528059202039593
643.25,4.44391964630523
643.5,4.490403984526171
643.75,4.485641440682542
644.0,4.573238162422145
644.25,4.490166231196067
644.5,4.524077128903171
644.75,4.496313798296794
645.0,4.555554077584389
645.25,4.533452876209913
645.5,4.586481319230746
645.75,4.588610639405724
646.0,4.633832957359495
646.25,4.624436070626263
646.5,4.571439595016046
646.75,4.550981952763726
647.0,4.727292737410995
647.25,4.753116409685652
647.5,4.703612803370722
647.75,4.814541216415686
648.0,4.709725679862097
648.25,4.686085920391231
648.5,4.77667492792297
648.75,4.768556968796623
649.0,4.68952665913625
649.25,4.83122893382191
649.5,4.644973917728285
649.75,4.722254202014302
650.0,4.698636895018163
650.25,4.739963545680217
650.5,4.7350316152464
650.75,4.582335971137045
651.0,4.663790238908462
651.25,4.649468110393403
651.5,4.612237304367525
651.75,4.704232093452855
652.0,4.69068131374448
652.25,4.629714948818676
652.5,4.657113847580859
652.75,4.574888392540051
653.0,4.549375298012017
653.25,4.619177808882831
653.5,4.629703275757905
653.75,4.537621710710103
654.0,4.590863195723961
654.25,4.710050147144515
654.5,4.855747066612609
654.75,5.035368081682277
655.0,4.9101731107304385
655.25,5.125333886933209
655.5,5.17303500104371
655.75,5.263366659059891
656.0,5.196180528125458
656.25,5.143867946158685
656.5,5.222483711563914
656.75,5.11026691698802
657.0,5.160178773850059
657.25,5.228385964529104
657.5,5.206150629955536
657.75,5.098083325710322
658.0,5.120287275571185
658.25,5.1921522704020004
658.5,5.279478896557244
658.75,5.172993175867844
659.0,5.0882290121783855
659.25,5.084188682800141
659.5,5.060908351346972
659.75,5.188714106698738
660.0,5.073704424229203
660.25,5.007951489665838
660.5,5.090168448613339
660.75,5.099286444786436
661.0,5.055010613003403
661.25,5.126722494877312
661.5,5.026566114710431
661.75,4.984532532439276
662.0,4.949217462699184
662.25,4.962604684955865
662.5,4.8881504612263695
662.75,5.014222708879768
663.0,4.977908059483194
663.25,4.8284177883222075
663.5,4.985632862231944
663.75,4.920961044645712
664.0,4.918928003860399
664.25,4.9053905468168155
664.5,4.8814406591480966
664.75,4.908820216185691
665.0,4.837221738151933
665.25,4.915617094633767
665.5,4.784397138917347
665.75,4.8222027909323355
666.0,4.7773988303872725
666.25,4.816859339547894
666.5,4.8402925375899155
666.75,4.739196266208368
667.0,4.742506255351854
667.25,4.711844626683048
667.5,4.647275536896523
667.75,4.772929875247253
668.0,4.6877056723984865
668.25,4.680860892450672
668.5,4.69207472484382
668.75,4.669748800607353
669.0,4.673802753731275
669.25,4.640555796991864
669.5,4.605193911136104
669.75,4.710744250301383
670.0,4.664138455811242
670.25,4.642360531687935
670.5,4.487725432424772
670.75,4.607947825716755
671.0,4.655446132516905
671.25,4.685251581775671
671.5,4.588117514032231
671.75,4.659980156017276
672.0,4.329147958439349
672.25,4.279854424150512
672.5,4.562519758195382
672.75,4.360037842605457
673.0,4.709873651834731
673.25,4.370741417670004
673.5,4.54527731029981
673.75,4.708257589083743
674.0,4.368162841086021
674.25,4.803434060509413
674.5,4.390008839419823
674.75,4.446293462433142
675.0,4.103808239083359
675.25,4.281259839441599
675.5,4.6102245806852595
675.75,4.410680950435615
676.0,4.600632003736798
676.25,4.569178221772643
676.5,4.072533164410018
676.75,4.560499513384653
677.0,4.282899686886543
677.25,4.224420153854904
677.5,4.429508486233963
677.75,4.421808139990534
678.0,4.508656380404989
678.25,4.5031053109409855
678.5,4.469364617098366
678.75,4.5239774378573285
679.0,4.398040112511968
679.25,4.558042461465943
679.5,4.453192201612278
679.75,4.564200475006047
680.0,4.418699043016758
680.25,4.4317381271735
680.5,4.291195555279524
680.75,4.369291703696722
681.0,4.356212874046293
681.25,4.4355933264500615
681.5,4.4194778703473085
681.75,4.326248117329914
682.0,4.429927831093173
682.25,4.365240634806521
682.5,4.372108245490992
682.75,4.478482276399628
683.0,4.383535665160133
683.25,4.425965183150005
683.5,4.382168928394315
683.75,4.427236032539742
684.0,4.277228040967778
684.25,4.408388591359469
684.5,4.330469265208723
684.75,4.339468263242897
685.0,4.494975468278191
685.25,4.4117642805130926
685.5,4.2865340865064
685.75,4.351497197304102
686.0,4.396348435710207
686.25,4.380303826684025
686.5,4.40151549467356
686.75,4.368884275062711
687.0,4.5171141530525745
687.25,4.324501427363919
687.5,4.395530200265234
687.75,4.4180897461590725
688.0,4.39867839237622
688.25,4.374475487781218
688.5,4.3710036867380895
688.75,4.407659701986208
689.0,4.341506523864907
689.25,4.382185779344086
689.5,4.410293610450633
689.75,4.40526237341202
690.0,4.317033051690563
690.25,4.351040492988434
690.5,4.265775503909234
690.75,4.3819441239536605
691.0,4.318039799659278
691.25,4.346952341991484
691.5,4.358156425044991
691.75,4.400854831479365
692.0,4.355649607030466
692.25,4.3784913282745865
692.5,4.206600144927109
692.75,4.346322759731409
693.0,4.36807826954947
693.25,4.319498130718642
693.5,4.347163221615636
693.75,4.301517061980442
694.0,4.390896419715108
694.25,4.335428799883168
694.5,4.363449611380822
694.75,4.364894288591836
695.0,4.388857234529063
695.25,4.363277568611237
695.5,4.315221082996636
695.75,4.408072431764625
696.0,4.3578115283129595
696.25,4.396419791755896
696.5,4.255661129646274
696.75,4.296439599684023
697.0,4.3664107185369
697.25,4.325061612721799
697.5,4.200484934677933
697.75,4.282425652533041
698.0,4.331532209719978
698.25,4.3569711811058935
698.5,4.341635463561208
698.75,4.259685435760009
699.0,4.296005064269327
699.25,4.703354765188589
699.5,5.274287760700827
699.75,5.684666388005643
700.0,5.836293501877766
700.25,6.277992152499187
700.5,6.51501690617048
700.75,6.604543972915955
701.0,6.868134439282394
701.25,7.147399281818661
701.5,7.073760110927839
701.75,7.2389166362852455
702.0,7.317214580299416
702.25,7.405411569600964
702.5,7.393995250846308
702.75,7.436474688226431
703.0,7.450588501871435
703.25,7.352130839087146
703.5,7.438630527190718
703.75,7.565760257071452
704.0,7.351016865555982
704.25,7.544291581239092
704.5,7.373878896495296
704.75,7.554818273743682
705.0,7.352180582970564
705.25,7.346694897988471
705.5,7.341089394798641
705.75,7.475567529028432
706.0,7.227813513611829
706.25,7.329878495195258
706.5,7.245207016415619
706.75,7.287820210790343
707.0,7.171432628560019
707.25,7.225251351772149
707.5,7.149934942638074
707.75,7.159502541898315
708.0,7.183981384997622
708.25,7.130071312451017
708.5,7.079444277035307
708.75,7.0884347346972545
709.0,7.042513840478859
709.25,7.032885319279731
709.5,7.048441248632574
709.75,6.991672286462609
710.0,6.958602465496677
710.25,6.8993310814757045
710.5,6.783105229132846
710.75,6.802067606281889
711.0,6.754226746787032
711.25,6.859944826881775
711.5,6.77423693093483
711.75,6.695318811693402
712.0,6.678318225109788
712.25,6.692408505137316
712.5,6.638533183219868
712.75,6.55473052620946
713.0,6.616935378185203
713.25,6.655208711567054
713.5,6.596074463670361
713.75,6.589802238398851
714.0,6.482012817584261
714.25,6.553439391799476
714.5,6.5332148285537865
714.75,6.398526174871477
715.0,6.370857995671001
715.25,6.360945862293341
715.5,6.392617264438442
715.75,6.286386082693324
716.0,6.3037365345746705
716.25,6.32983042610819
716.5,6.403472209404317
716.75,6.234656830810165
717.0,6.1747801453636395
717.25,6.232170411417351
717.5,6.189637866429213
717.75,6.114780344075647
718.0,6.156194843707694
718.25,6.146781298178836
718.5,6.157837560719963
718.75,6.052218546372904
719.0,6.179277061527815
719.25,6.006813577748129
719.5,6.100882636020694
719.75,6.022020222974902
720.0,6.067964959841124
720.25,6.05048158988388
720.5,5.9070023918391685
720.75,5.9559533993934215
721.0,6.0032443474769615
721.25,5.936808395158666
721.5,5.865349187810124
721.75,5.867526512069297
722.0,5.78700041792488
722.25,5.800739171103359
722.5,5.885088991725724
722.75,5.790990006909618
723.0,5.843226202141415
723.25,5.828943011114437
723.5,5.767168191446195
723.75,5.745834909274035
724.0,5.723132597160606
724.25,5.739468720722881
724.5,5.5895216915260475
724.75,5.6591914791452
725.0,5.678714520048878
725.25,5.533467231394401
725.5,5.623572069103108
725.75,5.5979184851978285
726.0,5.607650078303406
726.25,5.565205962630504
726.5,5.510236677316387
726.75,5.505941226595124
727.0,5.447464552156416
727.25,5.596265298561257
727.5,5.498532678595653
727.75,5.514804321895177
728.0,5.440232003455631
728.25,5.416330535210631
728.5,5.430725036592989
728.75,5.44829729325128
729.0,5.376273654737651
729.25,5.472065043382485
729.5,5.477648382978262
729.75,5.434060815357275
730.0,5.287873127435644
730.25,5.442230014957202
730.5,5.240040764019389
730.75,5.331492342024133
731.0,5.398943340599312
731.25,5.31124548729818
731.5,5.327070092486883
731.75,5.236813360166576
732.0,5.216011546834419
732.25,5.212499066250274
732.5,5.271166093029577
732.75,5.182234495836264
733.0,5.1602069656989915
733.25,5.2401605999064405
733.5,5.2078897607027566
733.75,5.179282891120551
734.0,5.115619976681165
734.25,5.097511936941599
734.5,5.246406480620326
734.75,5.208932447923592
735.0,5.167821589046554
735.25,5.229749900959762
735.5,5.016193886702699
735.75,5.121692196622391
736.0,5.137676386527883
736.25,4.960326520485703
736.5,2.073336052823126
736.75,5.068318771243678
737.0,5.06527988794685
737.25,5.028738859808565
737.5,5.130630231868328
737.75,5.040957960698025
738.0,5.068210071029265
738.25,4.915499709201785
738.5,5.053068801449943
738.75,5.047858620772277
739.0,4.9811830237535295
739.25,5.00944633077818
739.5,4.9267447363025205
739.75,4.9464410922197235
740.0,5.000249547703502
740.25,4.90572782243845
740.5,4.987070162691619
740.75,4.8929767979877
741.0,4.93389819608298
741.25,4.686838252732972
741.5,4.9442349072222855
741.75,4.785278736480665
742.0,4.813942297473778
742.25,4.856830172622494
742.5,4.845802809163608
742.75,4.899694840028124
743.0,4.8992817277600365
743.25,4.88570003692939
743.5,4.7710022166071635
743.75,4.7192534909079065
744.0,4.815122237942992
744.25,4.743352414602987
744.5,4.741456899385888
744.75,4.733874546240963
745.0,4.715373367887026
745.25,4.765807776705943
745.5,4.6399380080525825
745.75,4.69319519103963
746.0,4.7773325546187255
746.25,4.7956315767163025
746.5,4.721702416958839
746.75,4.801106361142583
747.0,4.690227386316897
747.25,4.7523263704772205
747.5,4.847147345496339
747.75,4.7361889177501
748.0,4.861375470970256
748.25,4.980495095371104
748.5,4.903124998704019
748.75,4.855292269537859
749.0,1.2211392754002253
749.25,4.880594157495923
749.5,4.848599631617821
749.75,4.819209514715385
750.0,4.820850922428551
750.25,4.81833112459508
750.5,4.735044009597762
750.75,4.7323202533733415
751.0,4.779623548048853
751.25,4.835145846210345
751.5,4.745229190264957
751.75,4.8031263451179145
752.0,4.72138103013495
752.25,4.747457030405887
752.5,4.763852488152704
752.75,4.718310867175248
753.0,4.709647499504239
753.25,4.847200652941119
753.5,4.731225934414779
753.75,4.743355108274341
754.0,4.7039070815126385
754.25,4.6265043480690675
754.5,4.648859541299629
754.75,4.6660708873500125
755.0,4.666736419519872
755.25,4.718840437608806
755.5,4.5925460088363375
755.75,4.578044097748231
756.0,4.617849125619825
756.25,4.562505009725057
756.5,4.657631728877152
756.75,4.593262172390382
757.0,4.49013652002193
757.25,4.627519367373472
757.5,4.578558237025573
757.75,4.5700870525437205
758.0,4.475236337601167
758.25,4.426650026203664
758.5,4.467310145448817
758.75,4.443120251300927
759.0,4.427051185724176
759.25,4.507858607813231
759.5,4.454215132979247
759.75,4.498227680565257
760.0,4.430701501248789
760.25,4.487666755415195
760.5,4.485789199747867
760.75,4.428907200740593
761.0,4.396214581990186
761.25,4.3980850958171676
761.5,4.462601862470721
761.75,4.292621694151947
762.0,4.471639263861296
762.25,4.39762866925044
762.5,4.283169534150423
762.75,4.3275798834611825
763.0,4.355965014700911
763.25,4.315610577586819
763.5,4.360334899553957
763.75,4.381413707529393
764.0,4.2902028940940085
764.25,4.2652053610912075
764.5,4.373862581557769
764.75,4.266270533384499
765.0,4.253416555558206
765.25,4.246307942511251
765.5,4.269354363107933
765.75,4.22213104862127
766.0,4.353685688348859
766.25,4.279274980320449
766.5,4.297124470253081
766.75,4.26964038542846
767.0,4.302733267796223
767.25,4.2930071965493815
767.5,4.1334016390115735
767.75,4.190822055284619
768.0,4.1549392254942115
768.25,4.1971874820067026
768.5,4.166351572659947
768.75,4.3526686112964335
769.0,4.175466729872367
769.25,4.22913430030724
769.5,4.138822378373346
769.75,4.102576548057546
770.0,4.194297591605405
770.25,4.169888259774216
770.5,4.159265933064859
770.75,4.13929665689053
771.0,4.187124769688369
771.25,4.12915461480556
771.5,4.082540483881846
771.75,4.077463570815912
772.0,4.224617145400305
772.25,4.106892060898337
772.5,4.1172509002517526
772.75,4.110361990207542
773.0,4.205237933376368
773.25,4.190753159796838
773.5,4.107544391517182
773.75,4.134933537716769
774.0,4.051405968218439
774.25,4.030467702494368
774.5,4.1199731337978935
774.75,4.049050931117713
775.0,4.100747366490433
775.25,4.124715075117368
775.5,3.974058800302204
775.75,4.02126980556286
776.0,4.098502988721006
776.25,4.102964624801084
776.5,4.074599767856906
776.75,4.025941285969894
777.0,4.022874430188987
777.25,4.05689492875569
777.5,4.0241676895984515
777.75,4.039303400310787
778.0,4.140899393580455
778.25,3.9636277480205613
778.5,4.025792027255245
778.75,3.9041176853123534
779.0,3.98517389100097
779.25,4.177606323439803
779.5,3.9948798889209365
779.75,4.100787361297671
780.0,3.9948417438814223
780.25,4.070270824824163
780.5,3.933867574478911
780.75,3.974271845913945
781.0,3.9798814722695095
781.25,3.988120532954301
781.5,3.955555695751105
781.75,3.952234858717916
782.0,3.999218856432443
782.25,3.9555519459249218
782.5,3.93819416754729
782.75,3.954390966844337
783.0,4.114945534794997
783.25,3.9446468975168605
783.5,4.084941808229773
783.75,3.9207420909604354
784.0,3.9466359640050417
784.25,3.9115526053700918
784.5,3.9335225052935527
784.75,3.949990991881182
785.0,3.8423880376269937
785.25,3.9725270635851038
785.5,3.9536853582136997
785.75,3.9370533944989976
786.0,3.8868996571378664
786.25,3.9296034477909507
786.5,4.004290439271099
786.75,3.8165487954730017
787.0,3.9342000144256817
787.25,3.954676028237191
787.5,3.88007554032311
787.75,3.830546682264293
788.0,3.9867146795641166
788.25,3.812530935476153
788.5,3.8120070672244157
788.75,3.812555557471463
789.0,3.792949684902939
789.25,3.940629040884456
789.5,3.8061026361137613
789.75,3.836013820829215
790.0,3.8481634941857865
790.25,3.9575058429231853
790.5,3.9243075734151023
790.75,3.7921171890233936
791.0,3.8508930616196313
791.25,3.9135050106244673
791.5,3.828720643222543
791.75,3.755303531424575
792.0,3.7940290593954558
792.25,3.943300312688337
792.5,3.8011452416643685
792.75,3.7993114551775267
793.0,3.881113443281971
793.25,3.74602531856632
793.5,3.9289208671345164
793.75,3.811398929285051
794.0,3.6054988259599137
794.25,3.776399322752491
794.5,3.8222964151025836
794.75,3.8121975977416866
795.0,3.7438038000850353
795.25,3.6623929246047875
795.5,3.708154438985935
795.75,3.7992014820854068
796.0,3.84340853443351
796.25,3.7800391615096953
796.5,3.808415876119106
796.75,3.743440021200591
797.0,3.762856724057663
797.25,3.7824993003439364
797.5,3.7499450349946946
797.75,3.7670787402485693
798.0,3.7785713293594543
798.25,3.71006531190062
798.5,3.7354227642921396
798.75,3.871632756283251
799.0,3.658365579649306
799.25,3.738695874664992
799.5,3.8537001443622536
799.75,3.704694169388285
800.0,3.850716902853411
800.25,3.710794709094987
800.5,3.655190668783678
800.75,3.765357097374914
801.0,3.7481411263309345
801.25,3.7747097746688736
801.5,3.681611578835566
801.75,3.633049758205205
802.0,3.713340513019867
802.25,3.709309302423524
802.5,3.6821938506488254
802.75,3.592991275036626
803.0,3.6553149536392002
803.25,3.5841500899361414
803.5,3.64991047530888
803.75,3.6650062812317206
804.0,3.6267019683261164
804.25,3.739079714123644
804.5,3.671751350108094
804.75,3.648786006509561
805.0,3.698732559878278
805.25,3.628337732994471
805.5,3.681237170709802
805.75,3.688606295485842
806.0,3.581760877181685
806.25,3.769322605066712
806.5,3.824743807882086
806.75,3.8222072789332224
807.0,3.758892464958682
807.25,3.8340092571774385
807.5,3.861101660054461
807.75,3.867206123396499
808.0,3.9116968441039663
808.25,3.9174778587411248
808.5,3.855565861948135
808.75,3.8688820463732583
809.0,3.9136777382842505
809.25,3.9386561548380215
809.5,3.943010385517354
809.75,3.9053622715643495
810.0,3.8973961001239235
810.25,3.9735406096570713
810.5,3.9391389432865185
810.75,3.907816939718013
811.0,3.9038251280575174
811.25,3.841352178313586
811.5,3.849984913650216
811.75,3.8106046944700274
812.0,3.866674992894456
812.25,3.951443993569903
812.5,4.028136738500399
812.75,4.016073806871094
813.0,3.75825635194112
813.25,3.843164297953432
813.5,3.8596144342565637
813.75,3.751741305403401
814.0,3.8555617300482767
814.25,3.949396166103116
814.5,3.944558908049614
814.75,3.8457864273731617
815.0,3.9249465033184774
815.25,3.8771027433708456
815.5,3.7987928548359915
815.75,3.8204381030509684
816.0,3.925442978496118
816.25,3.7887634050306884
816.5,3.700862514815507
816.75,3.7970889271573873
817.0,3.770388515242346
817.25,3.7216049339864252
817.5,3.6205710945616927
817.75,3.6802554089585513
818.0,3.797162647515337
818.25,3.617774664931248
818.5,3.7076097068681504
818.75,3.668688967770513
819.0,3.6892838445158294
819.25,3.6659067705459663
819.5,3.736613548123645
819.75,3.6668826843640807
820.0,3.7325317766559323
820.25,3.687331128708206
820.5,3.711765583862472
820.75,3.7187031539178372
821.0,3.6389863258580175
821.25,3.695772846489833
821.5,3.7256877938817925
821.75,3.6965187671794877
822.0,3.689042548745163
822.25,3.672204526067759
822.5,3.585790156690298
822.75,3.559136740036416
823.0,3.592797923900947
823.25,3.665067803900162
823.5,3.5503107836777965
823.75,3.6979021936744165
824.0,3.569064496441203
824.25,3.7034812473264327
824.5,3.731935745568332
824.75,3.570432371451955
825.0,3.5347580984788234
825.25,3.6609363889799784
825.5,3.650899558069264
825.75,3.572523710140261
826.0,3.6270188474452087
826.25,3.39958970551498
826.5,3.595201283769785
826.75,3.811696582444347
827.0,3.7991213779148105
827.25,3.263076716381492
827.5,3.7569000645576947
827.75,3.5377393465002216
828.0,3.13622091472133
828.25,3.2550681172813176
828.5,3.3420796145593568
828.75,3.468491094210947
829.0,3.4590400021065273
829.25,3.482355523162729
829.5,3.337941052422504
829.75,3.71272510844111
830.0,3.563191591879497
830.25,3.5497850578669694
830.5,3.5260060783150267
830.75,3.589038321187666
831.0,3.4998848559495435
831.25,3.537113770500868
831.5,3.4911555953182556
831.75,3.499101387275748
832.0,3.5345462698991703
832.25,3.533627177084409
832.5,3.506607903816518
832.75,3.5082907303546977
833.0,3.4749976463806473
833.25,3.4347795046057614
833.5,3.393213818452421
833.75,3.344676229712607
834.0,3.3726008355799832
834.25,3.4644564917953766
834.5,3.452012306666727
834.75,3.5146616015205665
835.0,3.5518485211193767
835.25,3.42832269077467
835.5,3.5265946525727636
835.75,3.425658642692296
836.0,3.5911103468404013
836.25,3.44308970671758
836.5,3.484746357899244
836.75,3.474187513130317
837.0,3.436252331814415
837.25,3.4620245721040774
837.5,3.54704963073918
837.75,3.409217622299885
838.0,3.4615490284560786
838.25,3.500510549709289
838.5,3.282820611129295
838.75,3.4142285788091047
839.0,3.4798953672967934
839.25,3.5593366545637095
839.5,3.4449095056017787
839.75,3.360242881592823
840.0,3.4359137510843367
840.25,3.3802727043980076
840.5,3.435218728466057
840.75,3.4725388474642
841.0,3.483330700175334
841.25,3.4845547481492702
841.5,3.522646465229549
841.75,3.4036494531667825
842.0,3.4593651028340635
842.25,3.357692008202424
842.5,3.436012277042272
842.75,3.4969515017040447
843.0,3.4270965608191033
843.25,3.271858351451928
843.5,3.3678832861112498
843.75,3.4444227047785985
844.0,3.355663707298584
844.25,3.401988476769076
844.5,3.3832820515975404
844.75,3.375216517563776
845.0,3.3650051777251195
845.25,3.315037831166713
845.5,3.3160478364649153
845.75,3.2899976392200054
846.0,3.346400390803711
846.25,3.31483362939464
846.5,3.263451395950316
846.75,3.267024594422621
847.0,3.3380780253712716
847.25,3.3243703611927518
847.5,3.4073767514369253
847.75,3.3270989988166817
848.0,3.2714150237778963
848.25,3.3552780719101896
848.5,3.3112329421657445
848.75,3.325052275490236
849.0,3.2671692460421524
849.25,3.3943527382884935
849.5,3.371813102204971
849.75,3.2293655747152314
850.0,3.3627946296312845
850.25,3.385828083929408
850.5,3.4017963759263927
850.75,3.365176348202077
851.0,3.3054685907556896
851.25,3.4170740486806226
851.5,3.1911570459721856
851.75,3.259694210048992
852.0,3.36292485026243
852.25,3.390411422328153
852.5,3.329660689462653
852.75,3.3383474973698837
853.0,3.3163756135353055
853.25,3.273208724791613
853.5,3.348032036917472
853.75,3.266846932214893
854.0,3.316959327277475
854.25,3.2073547791518746
854.5,3.345369503138445
854.75,3.279278513719114
855.0,3.359749416461941
855.25,3.1944164895006115
855.5,3.2378831984043224
855.75,3.336856257447097
856.0,3.29340578677932
856.25,3.11311611505103
856.5,3.330321430795703
856.75,3.236369153138245
857.0,3.270006420984047
857.25,3.3966767462881635
857.5,3.212506593733652
857.75,3.251396081715609
858.0,3.2430388997631123
858.25,3.292046304984236
858.5,3.167955435500062
858.75,3.324917608868124
859.0,3.3359369420032956
859.25,3.3038231778388307
859.5,3.3086799406686547
859.75,3.330714853852087
860.0,3.2351537420461507
860.25,3.276837593661573
860.5,3.318170615980333
860.75,3.2932748121812443
861.0,3.296596844418783
861.25,3.260417751194672
861.5,3.3358121853339555
861.75,3.264166934795551
862.0,3.189445492245955
862.25,3.2966330334211924
862.5,3.2060661443806016
862.75,3.3391267446158834
863.0,3.2034986549054096
863.25,3.2279799763787604
863.5,3.270418800112787
863.75,3.1866601963985444
864.0,3.3094937061113487
864.25,3.1524532504818
864.5,3.135246850050891
864.75,3.363069214547663
865.0,3.3091506556122328
865.25,3.261972704362611
865.5,3.2978595814602323
865.75,3.3107328307651143
866.0,3.2888718249084032
866.25,3.3011975609008783
866.5,3.2583869786220205
866.75,3.165775670004134
867.0,3.378713874687288
867.25,3.1955775622912004
867.5,3.1930043017802237
867.75,3.3111105755896464
868.0,3.3595351314962185
868.25,3.2294287954584724
868.5,3.273193871128193
868.75,3.1135906172970493
869.0,3.2329001734276543
869.25,3.246463370534297
869.5,3.184086711355317
869.75,3.209174876039769
870.0,3.2254564299601887
870.25,3.126370903053804
870.5,3.2575318800122015
870.75,3.240143121403466
871.0,3.1913700045223945
871.25,3.0749851767104364
871.5,3.2111978612341385
871.75,3.0767866426958634
872.0,3.268476535731556
872.25,3.2698755364511007
872.5,3.1442945771576714
872.75,3.271067688174357
873.0,3.1991609227228697
873.25,3.2027238707516603
873.5,3.2183844553157703
873.75,3.295334039024757
874.0,3.1857594402168656
874.25,3.3013053146542233
874.5,3.146355217572894
874.75,3.185831560466657
875.0,3.224804831536417
875.25,3.1836428493485736
875.5,3.157359222368432
875.75,3.224019886808376
876.0,3.2446445864627043
876.25,3.15242277972899
876.5,3.2037521155887148
876.75,3.260599462734622
877.0,3.1702426867642965
877.25,3.221653272367284
877.5,3.1420951297319313
877.75,3.275521062115007
878.0,3.1849650373209104
878.25,3.0411898800554176
878.5,3.157181986561618
878.75,3.2139977367874635
879.0,3.123834998809197
879.25,3.211134945148169
879.5,3.265073718127363
879.75,3.1335192022131464
880.0,3.1151138438270474
880.25,3.2463669472638412
880.5,3.170560756258666
880.75,3.142763216096213
881.0,3.251397007811241
881.25,3.210224704987986
881.5,3.2168075850474143
881.75,3.2667264300878047
882.0,3.109459081674465
882.25,3.2413838418669503
882.5,3.1287090126411794
882.75,3.074773296424042
883.0,3.221844080155002
883.25,3.16803310886645
883.5,3.270530960985536
883.75,3.0953242075049574
884.0,3.2815671768879655
884.25,3.1728487485944616
884.5,3.070374673975974
884.75,3.1386268849000487
885.0,3.221089316294597
885.25,3.106994449404318
885.5,3.1261781802388207
885.75,3.1321057424221803
886.0,3.287657845118742
886.25,3.23880781512399
886.5,3.2052628589444114
886.75,3.133636257070648
887.0,3.151328325507431
887.25,3.0983047330072866
887.5,3.158122305148017
887.75,3.2519309385866375
888.0,3.1823868085861666
888.25,3.120729254122563
888.5,3.20094501787804
888.75,3.2149574169756767
889.0,3.197123391747701
889.25,3.147639789602885
889.5,3.1629024124414475
889.75,3.0672028674740606
890.0,3.1669485065360696
890.25,3.25535430203294
890.5,3.142346617191439
890.75,3.0578603701311926
891.0,3.1676797154987475
891.25,3.2940559120638038
891.5,3.2706636299672764
891.75,3.1408104865133093
892.0,3.143830635270093
892.25,3.1512986631358904
892.5,3.2654838397133537
892.75,3.229963638190137
893.0,3.0747521357932968
893.25,3.2397558249144405
893.5,3.04822713384667
893.75,3.312011354685272
894.0,3.206336064421998
894.25,3.061948113314671
894.5,3.2125995103035456
894.75,3.218499727886739
895.0,3.1788773264031405
895.25,3.137387148005553
895.5,3.1640327783705864
895.75,3.2559025395038215
896.0,3.1284405679668077
896.25,3.1584654560245706
896.5,3.2463780488081393
896.75,3.2240684891918017
897.0,3.2206908739023152
897.25,3.153591326091878
897.5,3.178969966117893
897.75,3.27021804340193
898.0,3.1783605604089216
898.25,3.1385584609894517
898.5,3.116293185795677
898.75,3.1807044490276364
899.0,3.1695371849552574
899.25,3.1541768474968794
899.5,3.2156591459837
899.75,3.1565305697337713
